ID;Coletado em;Tipo;Objetivo;Munícipio;Bairro;Endereço;Latitude;Longitude;Renda IBGE;Dormitórios;Banheiros;Vagas de Gagarem;Área total;Valor unitário;Valor total;Contato;Telefone do contato;Descrição do imóvel
1;05/03/2025;Casa;Venda;São Luís;Araçagy;Rua Salvador de Oliveira, Nº 700;-2.554554;-44.261182;0;2;1;2;57;701;40000;Mayanna Vieira Lima;(98) 98301-0685! ;Compre sua casa com entrada parcelada, ITBI e cartório grátis e saia do aluguel !!!Com 5 mil de entradaPRÓXIMO DA ENTREGAtenho para financiamentoe uma chave de 45 mil entregando esse ano.PARA MAIS INFORMAÇÕES, CONTATOS:Mayanna Lima Corretora de Imóveis:CRECI 6169 *98*98343*3277  *98* 98301*0685*
2;05/03/2025;Casa;Venda;São Luís;Sitio Leal;Rua Salvador de Oliveira, Nº 700;-2.554554;-44.261182;0;2;1;0;48;1041;50000;Mayanna Vieira Lima;(98) 98301-0685! ;vendo casa no Village do Pôr do solpróximo da Raposa e Pirâmide.condomínio a pronta entrega Chave village por do sol PASSO chave 🔑 Village Por do Sol(📍Estrada da Raposa )Valor chave 🔑 R$45.000,00 ( menor valor)- Construtora : 72x R$690,00- ⁠Rua 08 Casa Nascente96 mil saldo devedor caixa- ⁠Vaga de Carro 🚗 Prestação caixa R$ 680,00Saldo devedor caixa R$PARA MAIS INFORMAÇÕES, CONTATOS:Mayanna Lima Corretora de Imóveis:CRECI 6169 *98*98343*3277  *98* 98301*0685*
3;05/03/2025;Casa;Venda;São Luís;Vila Conceicao Coroadinho;Rua São Miguel, Nº 20;-2.598209;-44.198007;0;1;1;0;80;812;65000;Daniel Meneses;(98) 98136-7133! ;DEIXE SEU CONTATO QUE EU RETONO COM MAIS DETALHESSe você está em busca de um lar acolhedor e com boa localização, essa casa é perfeita para você. Localizada no Coroadinho, essa residência simples e agradável está pronta para receber uma nova família.Com 80m² de área total, essa casa oferece espaços bem distribuídos para atender às suas necessidades. Na parte frontal, você encontrará um pequeno ponto comercial, que pode ser facilmente transformado em uma sala de estar convidativa ou mesmo em um segundo quarto, se preferir. Essa versatilidade permite que você adapte o espaço de acordo com seu estilo de vida.A casa conta com 1 quarto, proporcionando um ambiente tranquilo e aconchegante para descansar. Além disso, possui 1 banheiro, cozinha funcional e um quintal com área de serviço, onde você poderá desfrutar de momentos ao ar livre ou até mesmo cultivar seu próprio jardim.A localização no bairro Coroadinho é um dos pontos fortes dessa propriedade. Aqui, vo
4;05/03/2025;Casa;Venda;São Luís;Lira;Rua Frei Sampaio, Nº 1;-2.540776;-44.292091;0;1;1;0;80;875;70000;Sibely Carvalho;(98) 98734-2737! ;🏡VENDO CASA NO CENTRO BAIRRO LIRA COM 1 QUARTO🛌 1 WC SALA cozinha QUINTAL próximo de tudoCASA A VENDA: 70 MILBairro: Lira, CentroCaracterísticas do imóvel:Vendo casa , com 1 quarto, sala, cozinha, banheiro e quintal.Próximo de escola, farmácia, super mercados e avenidas.Não financia. Só à vista.
5;05/03/2025;Casa;Venda;São Luís;Vila Mauro Fecury II;Rua Doze;-2.595551;-44.181808;0;1;1;1;10;7500;75000;GLAICE FERREIRA DA SILVA;(98) 98561-5803! ;Vende-se no Anjo da Guarda – Casa Térrea NascenteTerraço01 vaga para motoSala de estar01 quartoCozinha amplaBanheiroQuintalÓtima localização! Próxima à feira, farmácias, supermercados e com fácil acesso a transportes que servem toda a região.Valor: R$ 75.000,00Formas de pagamento:À vistaFinanciamento imobiliário (sujeito à aprovação de documentação)Condições especiais para financiamento:Entrada a partir de R$ 6.000,00Parcelas negociáveis, a partir de aproximadamente R$ 450,00Responsável:Jeffson Portugal
6;05/03/2025;Casa;Venda;São Luís;Liberdade;Rua Emílio de Menezes;-2.527321;-44.285551;377.85;2;1;1;10;7800;78000;GLAICE FERREIRA DA SILVA;(98) 98561-5803! ;VENDE-SE IMÓVEL NO BAIRRO LIBERDADEÁrea total:150 m²Imóvel todo muradoEntrada para pedestres e entrada para veículosComposição do imóvel:Garagem cobertaSala ampla2 quartos1 banheiro socialCozinhaÁrea de serviço com lavanderiaQuintalValor:R$ 87.000,00Condições de pagamento:Crédito imobiliário Entrada a partir de R$ 6.000,00Parcelas a serem negociadas conforme o perfil do compradorImóvel documentado e apto para financiamentoResponsável pela venda: Jefferson Portugal
7;05/03/2025;Casa;Venda;São Luís;Liberdade;2ª Travessa Nossa Senhora das Graças, Nº 12;-2.524596;-44.286538;292.38;2;1;1;50;1600;80000;William Aquino;(98) 98153-2848! ;VENDO CASA NA LIBERDADER$80.000,00 a vistaR$5.300,00 de entrada no parcelamento R$530,00 nas parcelas Aceita FGTS como entrada Aceita financiamento Aceita crédito imobiliário (caixa, Itaú, Bradesco e Santander)Casa com:2 quartosBanheiro socialSalaCozinhaQuintalGaragemPróximo a clínicas, paradas, escolas e mercados.
8;05/03/2025;Casa;Venda;São Luís;Vila Conceição;Rua Antonio Pinheiro, Nº 12;-2.555812;-44.236944;0;1;1;1;150;533;80000;Francinaldo G. Santos;(98) 98851-5946! ;LINDA CASA NO BAIRRO JOÃO DE DEUS, TIDA REFORMADA COM 1 QUARTO, SALA, BANHEIRO, COZINHA, QUINTAL...
9;05/03/2025;Casa;Venda;São Luís;Conjunto Residencial Estrela D Alva Res Maria Aragao;Rua Porto Velho;0;0;0;2;1;1;10;9000;90000;GLAICE FERREIRA DA SILVA;(98) 98561-5803! ;"Oportunidade de ouro na Cidade Operária!Casa com excelente custo-benefício, ideal para quem busca seu primeiro imóvel ou um investimento seguro. Bem localizada, O imóvel possui:2 quartos;1 banheiro social;Sala;Garagem;Jardim na frente;Área nos fundos.Valor: R$ 90.000,00Documentação pronta para financiamento pela linha de crédito habitacional.Entrada a partir de R$ 7 mil e parcelas negociáveis.Mais uma chance de sair do aluguel e conquistar o que é seu!Responsável pela venda: Jefferson PortugalEntre em contato agora mesmo e agende sua visita!"
10;05/03/2025;Casa;Venda;São Luís;Santo Antonio;Rua Bom Jesus, Nº 10;-2.574719;-44.231121;0;2;1;0;100;900;90000;Elo Imobiliária;(98) 98894-7107! ;Bairro santo Antônio Acasa tem : porta. de vidro grande com grade1 terraço 2 -quarto1 copa1 cozinha 1 banheiro Quintal pequenoR$90.000100m2 construido
11;05/03/2025;Casa;Venda;São Luís;Turu;Rua General Artur Carvalho;-2.500708;-44.202255;846.15;3;2;2;90;1111;100000;Meu Imóvel;(98) 98888-9999! ;Oportunidade de Repasse de chave📍 Casa Solta na Região do Turu | Final da general Arthur Carvalho✔️ Sala de estar/jantaru✔️ Jardim de inverno✔️Cozinha✔️ 01 Suíte✔️ 02 Quartos✔️ Banheiro Social💰 R$ 100.00,00 Valor da chave💰 R$ 172.653,98 Saldo devedor Caixa💰 R$ 1.397,07 Parcela caixa Rogério Motivado CRECI/MA 6658
12;05/03/2025;Casa;Venda;São Luís;Bequimão;Rua Treze, Nº 90;-2.524932;-44.255009;0;2;2;1;50;2000;100000;William Aquino;(98) 98153-2848! ;📌Vendo Casa localizada no BEQUIMÃOParcelamento com entradas minima de 6 mil parcelas de 650,00 mensaisCompartimentos do imóvel 2 Quartos Sala ampla Cozinha 1 BanheiroVaga com garagemAceitamos o FGTS como entradaEntre em contatoImóvel todo documentado✓
13;05/03/2025;Casa;Venda;São Luís;Cidade Operaria;Rua 201, Nº 54;-2.596097;-44.197332;0;1;1;1;100;1000;100000;FORTALEZA - CE IMÓVEIS;(85) 99841-8731! ;Casa possui garagem, sala, 1 quarto, banheiro social, cozinha, quintal. R$ 100.000,00 somente a vistaO imóvel no bairro Cidade Operária com 100 metros quadrados com 1 quarto e 1 banheiroTem documentoENTRE EM CONTATO PARA MAIS INFORMAÇÕES
14;05/03/2025;Casa;Venda;São Luís;Centro;Rua do Alecrim, Nº 10;-2.527517;-44.301866;0;1;1;0;75;1466;110000;Carlos Cunha;(98) 98141-2609! ;A casa está localizada no bairro Centro possui aproximadamente 75 metros quadrados com 1 quarto, 1 sala, cozinha, 1 banheiro. local bom para escritório autónomo, clínica médica e afins. na Rua do Alecrimobs. somente à vistaobs. somente à vistafalar com Carlos Cunha corretor de imóveisCRECI MA 1913
15;05/03/2025;Casa;Venda;São Luís;Turu;Rua General Artur Carvalho;-2.500708;-44.202255;846.15;2;1;1;100;1100;110000;Meu Imóvel;(98) 98888-9999! ;Oportunidade de Repasse de chave📍 Casa Solta na Região do Turu | Final da general Arthur Carvalho✔️ Sala de estar/jantar✔️ Jardim de inverno✔️Cozinha✔️ 01 Suíte✔️ 02 Quartos✔️ Banheiro Social💰 R$ 110.000,00 Valor da chave💰 R$ 172.653,98 Saldo devedor Caixa💰 R$ 1.397,07 Parcela caixa Rogério Motivado CRECI/MA 6658
16;05/03/2025;Casa;Venda;São Luís;Vila Embratel;Rua Dezenove de Junho, Nº 17;-2.579892;-44.313643;0;2;1;1;120;916;110000;FORTALEZA - CE IMÓVEIS;(85) 99841-8731! ;A casa está localizado no bairro Vila Embratel com 2 quartos e 1 banheiroCom dois quartos, sala , cozinha americana Garagem Valor 100 Mil apenas a vista
17;05/03/2025;Casa;Venda;São Luís;Parque Vitoria;Via Cento e Um, Nº 5;-2.512753;-44.260578;0;2;2;0;120;958;115000;ARISVALDO JORGE VELOSO CARDOSO;(98) 99983-1743! ;Vendo Casa com 02 quartos no Parque Vitoria possui 120 metros quadrados com 2 quartos e 2 banheiros, próximo do rodão, imóvel documentado, nascente.Obs.: Imovel precisa de manutenção. Somente avista Menor Preço
18;05/03/2025;Casa;Venda;São Luís;Areinha;Rua Quarenta, Nº 1;-2.54784;-44.291712;0;2;1;1;10;11500;115000;Opium Assessoria;(98) 97007-8971! ;Linda casa a Venda no Centro no Madre Deus R$115.000,00 mil a vistaR$10.000,00 mil de entrada no parcelamento Aceita FGTS como entrada Aceita financiamento Aceita crédito imobiliário (caixa, Itaú, Bradesco e Santander)Casa com:2 quartosBanheiro socialSalaCozinhaQuintalGaragemPróximo a clínicas, paradas, cartórios, escolas e mercados.
19;05/03/2025;Casa;Venda;São Luís;Vila Apaco;Rua Nice Lobão, Nº 11;-2.594056;-44.201817;0;3;2;2;130;923;120000;Iury Melo;(98) 98314-9143! ;"Vendo Casa Com Piscina Duplex, Vila Santa Clara.-3 QTS;-1 SUITE; -PISCINA;VALOR: 120 MILSOMENTE À VISTAIury MeloCorretor de imóveis 9.8314.9143."
20;05/03/2025;Casa;Venda;São Luís;Maiobinha;Estrada da Mata, Nº 40;-2.559219;-44.204786;0;2;2;1;110;1090;120000;FORTALEZA - CE IMÓVEIS;(85) 99841-8731! ;Avista na estrada da mata condomínio fechado por 120milO imóvel no bairro Maiobinha possui 110 metros quadrados com 2 quartos sendo 1 suite e 2 banheiros
21;05/03/2025;Casa;Venda;São Luís;Jordoa;Rua Teixeira de Melo;-2.547705;-44.266189;0;2;2;1;65;1846;120000;Raissa V. F. Castro;(98) 99150-6150! ;
22;05/03/2025;Casa;Venda;São Luís;Anjo da Guarda;Rua Itália, Nº 143;-2.559506;-44.330657;0;2;2;2;60;2133;128000;William Aquino;(98) 98153-2848! ;VENDO casa no ANJO DA GURDAPRÓX. PRAÇA DO CANHÃO R$128.000,00 mil a vistaR$7.500,00 mil de entrada no parcelamento Parcelas à partir de R$650,00Aceita FGTS como entrada Aceita financiamento Aceita crédito imobiliário (caixa, Itaú, Bradesco e Santander)Casa com:2 quartosBanheiro socialSalaCozinhaQuintalGaragemPróximo a clínicas, paradas, escolas e mercados.
23;05/03/2025;Casa;Venda;São Luís;São Raimundo;;0;0;0;2;1;0;90;1444;130000;FORTALEZA - CE IMÓVEIS;(85) 99841-8731! ;Casa próximo condomínio Del Este e Avenida principal do São Raimundo, com acesso fácil para escola, Mateus, farmácia, entre outras facilidades. Casa possui, sala, dois quartos, banheiro social, cozinha, quintal, terraço pequeno. Valor de venda a vista R$130.000,00 ou parcelada com entrada R$70.000,00 mais 24xR$2920,00 ou financiamento entrada 30% em cima da avaliação do banco mais financiamento bancário com ITBI e cartório.
24;05/03/2025;Casa;Venda;São Luís;Diamante;Rua Cristóvão Colombo;-2.529571;-44.289483;738.04;4;3;1;200;650;130000;FORTALEZA - CE IMÓVEIS;(85) 99841-8731! ;Vende-se está casa localizada no bairro diamantes próximo ao centro 🟢valor 150.000 🟢andar de cima falta terminar. 🟢vista privilegiada. 🟢perto de tudo. 🟢mais informações entre em contato
25;05/03/2025;Casa;Venda;São Luís;Cidade Olímpica;Rua Treze, Nº 22;-2.605088;-44.180439;0;2;1;0;70;1857;130000;Iury Melo;(98) 98314-9143! ;Vendo Casa Na Cidade Olímpica, 2 QrtsSala, Cozinha, BanheiroQuintal e VarandaValor: R$130.000Iury MeloCorretor de Imóveis 9.8314.9143
26;05/03/2025;Casa;Venda;São Luís;São Raimundo;Rua Quarenta, Nº 100;-2.600624;-44.223139;0;2;1;0;110;1181;130000;Elo Imobiliária;(98) 98894-7107! ;Sala, 2 quarto,copa cozinha,1 banheiro,garagem,terraço com jardim de inverno,lavanderia coberta com banheiro e quintal São RaimundoRua 40Valor R$130.000 Terreno 150m2Rua 40A C 110m2Aceita financiamento bancário
27;05/03/2025;Casa;Venda;São Luís;Centro;Rua do Norte, Nº 133;-2.53332;-44.296871;782.53;2;1;0;155;838;130000;PEREIRA VERAS E FEITOSA LTDA.;(98) 4009-9000;Casa com 155m² de área total, composta de sala de estar/jantar, dois quartos , um banheiro social, cozinha, área de serviço e um depósito. -
28;05/03/2025;Casa;Venda;São Luís;Jardim Sao Cristovao II;Praça São Cristóvão, Nº 38;-2.57414;-44.225238;0;2;2;1;120;1083;130000;FORTALEZA - CE IMÓVEIS;(85) 99841-8731! ;O imóvel no bairro Jardim São Cristóvão possui 120 metros quadrados com 2 quartos e 2 banheiros, muito bem localizado, somente a vista 130.000 não aceita financiamento
29;05/03/2025;Casa;Venda;São Luís;Recanto Santos Dumont;Avenida Santos Dumont, Nº 1;-2.570275;-44.236992;0;2;2;2;130;1000;130000;HOUSE 27 IMOBILIARIA LTDA;(98) 98807-4101! ;Casa Próximo a Avenida Santos Dumont À VISTA. NÃO FINANCIA.6,5x20- 2 Quartos - 2 Banheiro social - 2 Vagas Garagem- Terraço - Sala Ampla- Cozinha - Quintal Amplo 130 MIL PRÓXIMA À VIAS DE ACESSO COMÉRCIOS E SERVIÇOS ESCOLAS  Atualizado em :17.
30;05/03/2025;Casa;Venda;São Luís;Cidade Operaria;Rua Leão, Nº 1;-2.56949;-44.19306;0;2;1;1;169;769;130000;HOUSE 27 IMOBILIARIA LTDA;(98) 98807-4101! ;Vendo casa no Recantos dos Signos 160.000,0053,40m²2 quartos SalaCozinhaBanheiro SocialTerraçoQuintal Grande Proxímo ao socorrão 2 e ao supermecado Mateus Próximo a comercios, Postos e vias de acesso.. Atualizado em :16.
31;05/03/2025;Casa;Venda;São Luís;Cidade Operaria;Rua 203 NO, Nº 1;-2.573267;-44.204785;0;2;1;2;10;13500;135000;Opium Assessoria;(98) 97007-8971! ;Linda casa a Venda na Cidade Operária próximo a odontoclinicR$135.000,00 mil a vistaR$10.000,00 mil de entrada no parcelamento Aceita FGTS como entrada Aceita financiamento Aceita crédito imobiliário (caixa, Itaú, Bradesco e Santander)Casa com:2 quartosBanheiro socialSalaCozinhaQuintalGaragemPróximo a clínicas, paradas, cartórios, escolas e mercados.
32;05/03/2025;Casa;Venda;São Luís;Cidade Operaria;Rua Santa Helena;0;0;0;2;1;0;227;599;136000;Superbid Webservices Ltda;(11) 4950-9602;
33;05/03/2025;Casa;Venda;São Luís;Turu;Conjunto Primavera, Nº 48;-2.516396;-44.230412;0;1;1;0;180;766;138000;Liliamar Fátima Parmeggiani Pestana Marques Gomes;(51) 3535-1000;Imóvel para venda em leilão pela PESTANA LEILÕES - 14 de maio de 2025 às 09h (Horário de Brasília) do parceiro Bradesco.  Descrição completa: São Luiz/ MA. Bairro Cohatrac II. Rua Dezenove, 48(in loco). Lt. 48 da Qd. 04. Casa. Área const. 150,29m²(in loco) e terr. 180,00m². Mat. 277 do 4º RI local.O número de dormitórios e banheiros constante neste anúncio refere-se a campo obrigatório para mero cadastro neste site. A Vendedora NÃO possui a informação sobre o número de dormitórios do imóvel, cabendo ao interessado verificar pessoalmente.  Para maiores informações, consulte o nosso Edital de Leilão em nosso site: www.pestanaleiloes.com.br  Para maiores informações deste anúncio, favor entrar em contato com o Setor de Vendas da Pestana Leilões via WhatsApp nos telefones: , e .
34;05/03/2025;Casa;Venda;São Luís;Caratatiua;2ª Travessa Gonçalves Dias, Nº 32;-2.541554;-44.270397;0;2;1;1;90;1555;140000;Iury Melo;(98) 98314-9143! ;Vendo Casa No Caratatiua 2 QuartosSala Cozinha2 QuartosÁrea de Serviço Valor: R$ 140.000,00 (SOMENTE A VISTA)Iury Melo Corretor de Imóveis (98) 9.8314.9143 WhatsApp
35;05/03/2025;Casa;Venda;São Luís;São Bernardo;;-2.5634528;-44.22256;559.68;2;1;0;93;1553;144500;Zuk;(11) 3003-0677;Imóvel em leilão na ZUK.VALOR DA AVALIAÇÃO: R$ 211.230,00 / LANCE MÍNIMO: R$ 144.500,00 (32% abaixo do valor de avaliação).Data do Leilão: às INFORMAÇÕES SOBRE ESTA OPORTUNIDADE:São Luís/MA - São Bernardo - Casa, situada à Rua São Sebastião, 12A, São Bernardo, Área Terreno 161,67m², Área Construída 93,38m², Matrícula 86.921 do 02º CRI Local.  Não há visitação. Os dados referentes a número de quartos, metragem e demais características gerais do imóvel podem divergir, para maiores informações sobre o imóvel e sobre as condições de venda favor entrar em contato.  Imóveis em todo o Brasil com valores até 50% abaixo do valor de avaliação!!!
36;05/03/2025;Casa;Venda;São Luís;Cohatrac I;Rua R, Nº 5;-2.540348;-44.20831;0;2;2;1;60;2416;145000;William Aquino;(98) 98153-2848! ;VENDO casa no COHATRAC 1R$145.000,00 mil a vistaR$8.000,00 mil de entrada no parcelamento Aceita FGTS como entrada Aceita financiamento Aceita crédito imobiliário (caixa, Itaú, Bradesco e Santander)Casa com:2 quartosBanheiro socialSalaCozinhaQuintalGaragemPróximo a clínicas, paradas, escolas e mercados.
37;05/03/2025;Casa;Venda;São Luís;Cidade Operaria;Rua 08;-2.596097;-44.197332;0;2;2;1;122;1214;148160;ANTONIO BRASIL II;(62) 99679-7104! ;Matrícula: 16587, RGI: 2, Área Útil: 122,11 m², Área Privativa: 122,11 m², Área Terreno: 150,00 m², Quartos: 2, Banheiros: 2, Salas: 1, Cozinhas: 1, Áreas Serviço: 1, Vagas Garagem: 1Endereço: RUA 08,N. SN LT 06 QD 55, SANTA BARBARA, SAO LUIS - MA, CEP 65.000-000
38;05/03/2025;Casa;Venda;São Luís;Cohatrac I;Avenida Contorno Leste, Nº 65;-2.534656;-44.212177;1,107.97;3;3;3;180;833;150000;FORTALEZA - CE IMÓVEIS;(85) 99841-8731! ;Vendo excelente casa na avenida no CohatracNa av contorno LesteNo térreo : 2- pontos comerciais com banheiros 1-apartamento sendo suíte, cozinha quintal.Andar superior :Com 3 quartos Cozinha americana 2 salasAmplo terraço Excelente oportunidade de investimentoValor da chave 150 milSaldo devedor 356 milParcela 3.624
39;05/03/2025;Casa;Venda;São Luís;Sao Cristovao;Rua São José, Nº 80;-2.559269;-44.235859;0;3;1;1;80;1875;150000;Maria Lopes;(98) 98189-5223! ;O imóvel no bairro João de Deus possui 80 metros quadrados com 3 quartos e 1 banheiro
40;05/03/2025;Casa;Venda;São Luís;Vila Luizao;Rua Santa Catarina, Nº 6;-2.548129;-44.245924;0;2;1;0;100;1500;150000;Otávio Rafael Abreu Sousa;(98) 98484-9653! ;Ótima oportunidade na Vila Luizão!Este imóvel conta com 100 m² de área construída em um terreno espaçoso de 180 m², oferecendo conforto e praticidade para você e sua família.A casa dispõe de 2 quartos, banheiro, sala ampla e cozinha bem arejada, além de um excelente quintal, perfeito para momentos de lazer ou futuras ampliações.Localização privilegiada, próximo a paradas de ônibus, farmácias, praça e com rua pavimentada, garantindo mais comodidade no seu dia a dia.Não perca essa oportunidade! Agende já sua visita.OBS: VENDA APENAS A VISTA.Corretora: Luciana Gomes.Contato:
41;05/03/2025;Casa;Venda;São Luís;Cidade Operaria;Rua 03, Nº 22;-2.575302;-44.200216;0;2;2;2;10;15000;150000;GLAICE FERREIRA DA SILVA;(98) 98561-5803! ;"Oportunidade imperdível na Cidade Operária – Unidade 101!Casa espaçosa com 200m², ideal para quem busca conforto, praticidade e uma excelente localização. Situada próxima à feira e ao departamento da PM, você terá tudo o que precisa ao seu alcance.O imóvel conta com:2 quartos;2 banheiros;Sala ampla;Copa;Cozinha funcional;Sistema de lavanderia;Piso totalmente revestido;Garagem com vaga para 2 carros.Valor: R$ 150.000,00Documentação completa, apta para financiamento pela linha de crédito habitacional.Entrada a partir de R$ 7 mil e parcelas negociáveis.Essa é a chance de conquistar seu novo lar com segurança e tranquilidade!Responsável pela venda: Jefferson PortugalEntre em contato e agende sua visita!"
42;05/03/2025;Casa;Venda;São Luís;Cidade Operaria;Rua 201, Nº 86;-2.596097;-44.197332;0;1;1;1;120;1333;160000;FORTALEZA - CE IMÓVEIS;(85) 99841-8731! ;Essa casa fica na unidade 201, contém garagem, sala, banheiro social, 1 quarto, cozinha e um amplo quintal. . R$ 160.000,00O imóvel está localizado no bairro Cidade Operária com 120 metros quadrados com 1 quarto e 1 banheiro SOMENTE A VISTA, JA É PARCERIA
43;05/03/2025;Casa;Venda;São Luís;Alemanha;Rua Pires Sabóia, Nº 19;-2.537285;-44.271939;565.44;3;1;0;200;800;160000;Daniel Meneses;(98) 98136-7133! ;DEIXE SEU CONTATO NO CHAT QUE EU RETORNOVocê procura uma casa com grande potencial para transformar em seu novo lar ou investimento? Então esta é a oportunidade que você estava esperando! Apresentamos uma casa simples, com 200m² (5 metros de largura por 40 metros de comprimento), localizada no charmoso bairro da Alemanha, em São Luís.Esta casa oferece uma planta ampla e funcional, com 3 quartos, sala, copa, cozinha e uma sala de jantar, proporcionando espaço suficiente para acomodar sua família e suas necessidades. Além disso, o quintal é amplo, o que permite criar um espaço ao ar livre aconchegante para momentos de lazer e convívio.Embora a casa precise de reformas e adaptações, sua localização é simplesmente excelente. Apenas a 20 metros da movimentada Avenida dos Franceses, você terá fácil acesso a uma série de comércios e serviços. A Guarda Municipal de São Luís está a apenas 70 metros de distância, proporcionando segurança e tranquilidade para você e 
44;05/03/2025;Casa;Venda;São Luís;Centro;Rua do Pespontão, Nº 309;-2.527373;-44.297555;0;3;4;2;300;550;165000;Iury Melo;(98) 98314-9143! ;Passo Casa No Centro Atrás da Florence 3 QuartosCasa com mais de 400 metros quadrados, contando com 3 quartos, sendo duas suítes, 4 banheiros, garagem coberta, duas copas, cozinha ampla com armários, dois quintais (sendo um coberto), área de serviço bem ampla, biblioteca, sala e jardim de inverno.Documentação completa pronta para financiarValor da Chave: R$ 165.000,00 Prestação: R$ 970,00Saldo devedor: R$100.000,00Iury Melo Corretor de Imóveis (98) 9.8314.9143 WhatsApp
45;05/03/2025;Casa;Venda;São Luís;Cidade Operaria;Avenida Este, Nº 21;-2.596097;-44.197332;0;1;1;1;120;1375;165000;FORTALEZA - CE IMÓVEIS;(85) 99841-8731! ;idade operária unidade 203 entra no canto da padaria JK localização show,pertinho da praça valor 165.000 somente a vista O imóvel no bairro Cidade Operária tem 120 metros quadrados com 1 quarto e 1 banheiro
46;05/03/2025;Casa;Venda;São Luís;Cohab Anil IV;Avenida Doutor Juvêncio Matos, Nº 1;-2.550027;-44.21302;0;2;1;2;10;16500;165000;Opium Assessoria;(98) 97007-8971! ;Linda casa a Venda na Cohab R$165.000,00 mil a vistaR$15.000,00 mil de entrada no parcelamento Aceita FGTS como entrada Aceita financiamento Aceita crédito imobiliário (caixa, Itaú, Bradesco e Santander)Casa com:2 quartosBanheiro socialSalaCozinhaQuintalGaragemPróximo a clínicas, paradas, cartórios, escolas e mercados.
47;05/03/2025;Casa;Venda;São Luís;Cohatrac III;Rua Seis, Nº 1;-2.537967;-44.200102;0;3;1;2;10;16500;165000;Opium Assessoria;(98) 97007-8971! ;Linda casa a Venda no Cohatrac R$165.000,00 mil a vistaR$16.000,00 mil de entrada no parcelamento Aceita FGTS como entrada Aceita financiamento Aceita crédito imobiliário (caixa, Itaú, Bradesco e Santander)Casa com:2 quartosBanheiro socialSalaCozinhaQuintalGaragemPróximo a clínicas, paradas, cartórios, escolas e mercados.
48;05/03/2025;Casa;Venda;São Luís;São Francisco;Rua Virgílio Domingues;-2.51097;-44.305912;828.51;2;2;1;10;16700;167000;GLAICE FERREIRA DA SILVA;(98) 98561-5803! ;Casa à venda no São Francisco – conforto, praticidade e excelente localização!Imóvel com 200m² de área construída, perfeito para quem busca um espaço amplo e bem distribuído, pronto para morar!A casa oferece:Sala e cozinha conjugadas, com bancada na área da cozinha2 quartos, sendo 1 suíteBanheiro socialÁrea de serviçoGaragemValor: R$ 167.000,00 à vistaDocumentada e disponível para financiamento!Entrada a partir de R$ 10.000,00 pela linha de crédito imobiliárioParcelas a serem negociadas de acordo com seu perfil.Responsável pela venda: Jefferson PortugalEntre em contato e agende sua visita! Seu novo lar espera por você.
49;05/03/2025;Casa;Venda;São Luís;Cidade Operaria;Via Local Duzentos e Um, Nº 33;-2.568823;-44.205628;0;2;1;1;130;1307;170000;Daniel Meneses;(98) 98136-7133! ;DEIXE SEU CONTATO NO CHAT QUE EU RETONO COM MAIS DETALHESBela casa para venda em um dos mais tradicionais bairros da capital maranhense, a Cidade Operaria, com uma área de 130m² com detalhes em mármore. Possui design com total integração a todos os ambientes. A sala principal é integrada à sala de jantar formando um unico ambiente com um conceito aberto. Possui 2 quartos, tem armários planejados na cozinha e área de serviço.A casa tem um amplo espaço gourmet na parte de traz para receber convidados, vagas cobertas para 1 veículos. A casa está localizada numa rua totalmente residencial. Possui ruas bem estruturada. Fica em frente a CE Cidade Operaria II e existe bares e restaurantes próximos.Não perca sua chance de conhecer esse incrível imóvel em uma das melhores áreas de São Luis.Possui todo o conforto e segurança que você e sua família precisam!Agendamentos disponíveis de segunda a sábado das 9h às 17h.Entre em contato!(98)9.81 367 13 3
50;05/03/2025;Casa;Venda;São Luís;Cidade Operaria;;0;0;0;3;1;2;150;1133;170000;Elo Imobiliária;(98) 98894-7107! ;O imóvel no bairro Cidade Operária com 150 metros quadrados com 3 quartos sendo 1 suite e 1 banheiro
51;05/03/2025;Terreno;Venda;São Luís;Distrito Industrial;Rua Quinze, Nº SN;-2.530672;-44.298895;R$ 0.00;0;0;0;6000000;0;15000;Eurico Vaz de Moraes Filho;(98) 98550-0617! ;DESCRIÇÃO: Área de 600 hectares a venda, no valor de R$ 15,00/m2. LOCALIZAÇÃO: a 2 km da BR 135. Área da Ribeira no Distrito Industrial. REFERÊNCIA: Chácara São Felix do Tinai. FINANCEIRO: Imóvel Quitado: R$ 90 milhões (R$ 15,00/m2=R$ 150 mil/hectares). DOCUMENTAÇÃO: Completa: Escritura Pública e Registro de Imóvel e Matrícula. Analisamos propostas, inclusive com recebimento de outros bens, como parte do negócio. CONTATO: Eurico Moraes Imóveis – CRECI nº 6190-20ª Região . (FCI nº 223).
52;05/03/2025;Terreno;Venda;São Luís;Aurora;Rua Valdivino Castelo Branco, Nº 999;-2.549095;-44.227529;R$ 0.00;1;1;0;480;135;65000;PROCASA IMOBILIÁRIA;(98) 98144-9913! ;Imperdível! Ótimo terreno na Aurora murado em boa localização medindo 15 frente 32m de fundo 480m²Ótimo terreno na Aurora murado com 480m² de área privativa no coração da Aurora em rua pavimentadaTratar com Esdras Paes
53;05/03/2025;Terreno;Venda;São Luís;Araçagy;Condomínio Hilton Rodrigues, Nº SN;-2.530672;-44.298895;R$ 0.00;0;0;0;120;833;100000;FORTALEZA - CE IMÓVEIS;(85) 99841-8731! ;Vendo100mil Terreno 10x20 Alto Jaguarema (Aracagy)Entrada do restaurante mandacaru Todo documentado, só no ponto de financiar para construçãoO imóvel está localizado no bairro Araçagi tem 120 metros quadradosentre em contato para mais informações
54;05/03/2025;Terreno;Venda;São Luís;Jardim Eldorado;Avenida Atlântica;-2.480326;-44.231415;R$ 0.00;0;0;0;450;266;120000;Herrera Marques Empreendimentos;(98) 98869-8672! ;Lote no Araçagy com uma área total 450m2Loteamento aberto pronto para construir, próximo ao Bacuri Center.Não perca a oportunidade de morar no bairro que mais cresce! Me chame para mais informações! Chave do anúncio: wTZgUIyvKG6SCEAL
55;05/03/2025;Terreno;Venda;São Luís;Vila Sao Sebastiao;Avenida São José de Ribamar, Nº 28;-2.607968;-44.202812;R$ 0.00;0;0;0;360;333;120000;PEREIRA VERAS E FEITOSA LTDA.;(98) 4009-9000;Terreno com 360m² no Araçagi -
56;05/03/2025;Terreno;Venda;São Luís;Aracagi;Condomínio Hilton Rodrigues;0;0;R$ 0.00;0;0;0;450;288;130000;Lucijane Gomes;(98) 98849-4341! ;Vendo lote de 15x30 em Central Park, no araçagy com preço promocional localizado proximo à UPA do araçagy
57;05/03/2025;Terreno;Venda;São Luís;Bequimão;Avenida Um, Nº 13;-2.530255;-44.243344;R$ 0.00;0;0;0;132;1098;145000;Iury Melo;(98) 98314-9143! ;Vendo Terreno Na Av 1 Bequimão Terreno: 6x22Valor: R$ 145.000,00SOMENTE A VISTA Iury Melo Corretor de Imóveis (98) 9.8314.9143 WhatsApp
58;05/03/2025;Terreno;Venda;São Luís;Renascença II;Rua dos Juritis, Nº SN;-2.497182;-44.290962;R$ 4,692.67;0;0;0;200;990;198000;Braúna Imóveis;(98) 98882-7933! ;O projeto LUMOA DUNES exalta a NATUREZA e a arte vernacular com elementos arquitetônicos regionais, na busca pelo conforto e bem estar de quem vivencia o lugar sem esquecer os valores autênticos das antigas construções. Varandas abertas e ventiladas, coberturas rústicas com a função de equilibrar a luminosidade, áreas verdes funcionais e contemplativas, tijolo aparente, telhas em cerâmica e palha são alguns dos elementos adotados no partido arquitetônico.Vendas e mais informaçõesKarina Braúna | CRECI 5093#lencoismaranhenses #santoamaro #lotes #braunaimoveis #lotesavenda
59;05/03/2025;Terreno;Venda;São Luís;Aracagi;;0;0;R$ 0.00;0;0;0;702;313;220000;Mundo Imóvel;(98) 98189-7979! ;O imóvel está localizado no bairro Aracagy, rua do Restaurante mandacaru, tem 702m. Todo plano.
60;05/03/2025;Terreno;Venda;São Luís;Aracagi;Avenida M, Nº 26;-2.547508;-44.251355;R$ 520.06;0;0;0;900;288;260000;RE/MAX ESTILO;(98) 99212-1111! ;Não perca a oportunidade de Investimento em um Lote de 900m² no Araçagy, Região de Grande Expansão HabitacionalA aquisição de terrenos em áreas em expansão habitacional tem se tornado uma estratégia cada vez mais atraente para investidores e futuros proprietários de imóveis. No cenário atual, o bairro Araçagy se destaca como uma das regiões mais promissoras, oferecendo uma combinação de localização privilegiada, infraestrutura em desenvolvimento e potencial de valorização. Neste contexto, a disponibilidade de um lote de 900m² surge como uma oportunidade única para quem busca construir ou investir.Seja para investir ou construir, o momento de aproveitar é agora!
61;05/03/2025;Terreno;Venda;São Luís;Recanto Vinhais;Rua H, Nº 1;0;0;R$ 0.00;0;0;0;400;650;260000;Alysson R. Correia;(98) 98451-5078! ;Terreno plano, Murado com 400 m² documentado no Recanto Vinhais - Vinhais Velho
62;05/03/2025;Terreno;Venda;São Luís;Divineia;Rua Jaú, Nº 548;-2.494987;-44.222211;R$ 344.79;0;0;0;429;606;260000;Daniel Meneses;(98) 98136-7133! ;Descrição:Este amplo terreno está disponível para venda no bairro da Divineia, em São Luís. Com 13 metros de frente e 33 metros de fundos, totalizando 429m², é uma excelente oportunidade para construir a casa dos seus sonhos ou investir em um projeto comercial.Localização Privilegiada:O terreno está estrategicamente localizado ao lado do Condomínio Praia do Olho D'Água, em uma região movimentada e com forte comércio. A proximidade com diversos estabelecimentos, como restaurantes, mercados e distribuidoras, torna esse terreno ainda mais atrativo.Amenidades nas Proximidades:- Mix Mateus Atacarejo do Olho D'água: Apenas 800 metros de distância, facilitando suas compras diárias.- Transporte Público: Linhas de ônibus e acesso rápido às principais vias da cidade.Contato:Para mais informações ou agendar uma visita, entre em contato com o corretor Daniel Meneses:- Telefone: (98) 9 8 1 3 6 - 7 1 3 3Não perca essa oportunidade! Entre em con
63;05/03/2025;Terreno;Venda;São Luís;Sao Cristovao;Rua Onze, Nº 301;-2.56967;-44.213434;R$ 0.00;0;0;0;240;1145;275000;Iury Melo;(98) 98314-9143! ;Vendo Terreno Com Construção No São Cristóvão Prox Avenida 10x24mValor: 275 Mil ReaisIury Melo Corretor de Imóveis (98) 9.8314.9143 WhatsApp
64;05/03/2025;Terreno;Venda;São Luís;Vila Primavera Maracana;Rua Clube das Mães, Nº 78;-2.634165;-44.270404;R$ 0.00;0;0;0;6000;46;280000;KARINA IMOVEIS LTDA - ME;(98) 98140-3952! ;Excelente terreno de esquina, com 6.000 m² em uma ótima localização na Vila Primavera maracanã, terreno plano com varias arvores frutíferas. Vias de acesso asfaltadas. Entre em contato para mais informações e agendarmos uma visita.
65;05/03/2025;Terreno;Venda;São Luís;Sao Cristovao;;-2.5743955;-44.226189;R$ 541.07;0;0;0;180;1666;300000;RAFAELLE IMÓVEIS ALTO PADRÃO;(98) 98137-0132! ;Terreno São Cristóvão 15(frente) x 12(fundo)Em construção (incluso material para a laje)R$ 300.000,00 - Rafaelle Riviera- Lêda Campelowww.rivieranegocios.net.br@rimoveis.maOs melhores investimentos em todo Brasil e no estado da FlóridaFale conosco: -
66;05/03/2025;Terreno;Venda;São Luís;Jardim Renascença;Rua das Sucupiras, Nº 29;-2.505316;-44.295428;R$ 3,044.15;0;0;0;360;833;300000;PEREIRA VERAS E FEITOSA LTDA.;(98) 4009-9000;Terreno 360m²Dimensão: 12metros frente x 30 metros de fundo.Ótima localização. -
67;05/03/2025;Terreno;Venda;São Luís;Vila Sarney;Rua do Ribeirão, Nº SN;-2.62964;-44.273149;R$ 0.00;0;0;0;6000;50;300000;Priscila e Flávia Consultoria Imobiliária;(98) 99907-4812! ;O imóvel está localizado no bairro Vila Sarney com 6000 metros quadrados
68;05/03/2025;Terreno;Venda;São Luís;Araçagy;;-2.551053;-44.1836375;R$ 419.72;0;0;0;375;853;320000;IMOBILIÁRIA ALBUQUERQUE;(98) 98186-4505! ;Terreno Venda 375 M² AraçagyEm ótima localização - NascenteFale conosco: -
69;05/03/2025;Terreno;Venda;São Luís;Renascença;Rua das Sapotis, Nº SN;-2.503966;-44.288827;R$ 534.51;0;0;0;360;888;320000;ImóvelSLZ;(98) 98828-8940! ;Vendo Lote com 12 de Frente e 30 de fundo. Totalizando 360m²,Localizado em um dos melhores bairros de São Luis, o Renascença!Fica ao lado da escola Reino Infantil, tem saida para a universidade ceuma (5 minutos a pés) e via expressa. Excelente oportunidade de investimento com grande chance de valorização. Já com autorização de ocupação de solo.Valor 320 mil | Aceita financiamento! A vista negocia o valor.Me chama aqui pra mais informções ou deixe seu contato pra eu te ligar e agendarmos sua visita!Eduardo Mendes - CRECI 7783Já manda esse imóvel para aquele amigo(a) investirdor que está buscando oportunidades nessa aréa!!
70;05/03/2025;Terreno;Venda;São Luís;Cohab Anil III;Avenida César Marques, Nº 36;-2.545431;-44.220039;R$ 0.00;0;0;0;200;1650;330000;Joan Rubim;(98) 98324-5004! ;"Terreno em avenida comercial, a 300mt do pop Center e da Avenida Jerônimo de Alburqueque, área: frente, mede 10,00m com a Av. 16; lateral direita, mede 20, 00m, limitando-se com a casa n° 38, lateral esquerda, mede 20,00m, limitando-se com a casa n° 34; linha de fundo, limitando-se com a casa n° 03, mede 10,00m, tendo uma forma retangular e área de 200,00m2 (duzentos metros quadrados)."
71;05/03/2025;Terreno;Venda;São Luís;Recanto dos Vinhais;;0;0;R$ 0.00;0;0;0;360;944;340000;IMOBILIÁRIA ALBUQUERQUE;(98) 98186-4505! ;TERRENO PARA VENDA NO RECANTO VINHAIS 432M2MURADOFICA EM UMA RUA ASFALTADA PRÓXIMA A PRAÇA DO RECANTO, PADARIAS , ESCOLAS, FARMÁCIAS E COM ENTRADA E SAÍDA ESTRATÉGICA PELA VIA EXPRESSA.Fale conosco: -
72;05/03/2025;Terreno;Venda;São Luís;Olho d'Água;Rua São Geraldo, Nº 2;-2.484428;-44.236346;R$ 0.00;0;0;0;280;1250;350000;INVICTA IMOBILIÁRIA;(98) 98808-4731! ;🏡 Oportunidade imperdível no Condomínio Ibiza, no Araçagy! 🌟🔑 Disponíveis: 📏 280m² 💰 R$ 350.000,00 📏 293m² 💰 R$ 365.000,00👉 Condomínio exclusivo, perfeito para construir o lar dos seus sonhos com conforto, segurança e qualidade de vida.📞 Entre em contato agora mesmo e garanta o seu lugar no melhor do Araçagy!📩 Ou mande uma mensagem direct.
73;05/03/2025;Terreno;Venda;São Luís;Olho d'Água;Rua Projetada, Nº 2;-2.481813;-44.218144;R$ 0.00;0;0;0;680;514;350000;PEREIRA VERAS E FEITOSA LTDA.;(98) 4009-9000;EXCELENTE TERRENO EM RETORNO DE QUADRA NO OLHO DÁGUA -
74;05/03/2025;Terreno;Venda;São Luís;Recanto dos Nobres;Rua Marquês de Olinda, Nº 80;-2.499886;-44.250509;R$ 0.00;0;0;0;0;0;350000;Almeida Corretor de Imóveis;(98) 98158-2410! ;TERRENO BEM LOCALIZADO AO LADO DO CONDOMÍNIO COMPENHANG MEDIDO 12 X 38. 450 m LIGUE whasts ALMEIDA.
75;05/03/2025;Terreno;Venda;São Luís;Turu;Conjunto Primavera, Nº 85;-2.509256;-44.223989;R$ 0.00;1;1;5;660;530;350000;Daniel Meneses;(98) 98136-7133! ;DEIXE SEU CONTATO QUE EU DEIXO MAIS DETALHESSe você busca um terreno amplo para construir a casa dos seus sonhos em uma localização privilegiada, essa é a sua chance! Apresentamos um terreno com medidas generosas, medindo 11x60, totalizando 660m², localizado no desejado bairro do Olho D'água.Essa propriedade é uma verdadeira oportunidade para quem deseja construir a residência ideal, com espaço suficiente para projetos arquitetônicos inovadores e áreas de lazer envolventes. A localização estratégica proporciona fácil acesso a diversas comodidades da região, como escolas, supermercados e opções de lazer.Vale ressaltar que a propriedade possui uma casa simples com 3 quartos, mas que não está averbada na matrícula, portanto, estamos disponibilizando o terreno para venda. Devido a essa condição, a negociação é exclusivamente à vista, o que torna esta uma oportunidade ainda mais especial.Aproveite essa chance única de adquirir um terreno espaçoso no cobiçado 
76;05/03/2025;Terreno;Venda;São Luís;Vila Maranhão;Rua Principal, Nº SN;-2.618878;-44.317363;R$ 0.00;0;0;10;36000;9;350000;Daniel Meneses;(98) 98136-7133! ;DEIXE SEU CONTATO NO CHAT QUE EU RETORNO COM MAIS DETALHESEste terreno possui uma localização privilegiada, com medidas de 90 metros de frente por 400 metros de fundo, totalizando uma área de 36 mil metros quadrados. Com solo arenoso, é ideal para diversos tipos de empreendimentos.A região está em expansão comercial, apresentando um grande potencial de crescimento. Além disso, conta com uma linha de ônibus, a Linha T019 Cajueiro, que atende diretamente o terminal de integração da Praia Grande, proporcionando fácil acesso e praticidade para os moradores.Apesar da rua não ser pavimentada, o acesso ao terreno é fácil e a infraestrutura é de qualidade. Está a apenas 20 km do centro de São Luis, 17 km do bairro do Anjo da Guarda e a 10 km do Posto Valen, considerado o maior posto de combustíveis do Brasil.Além disso, está localizado a menos de 12 km da UFMA (Universidade Federal do Maranhão) e a apenas 3,5 km da Av. Eng. Emiliano Macieira/BR-135. A proximidad
77;05/03/2025;Terreno;Venda;São Luís;Tirirical;Rua Nova Betel;-2.566727;-44.2300475;R$ 671.37;0;0;0;32371;10;350000;PEREIRA VERAS E FEITOSA LTDA.;(98) 4009-9000;Área rural medindo 3.2371Ha(Três hectares, vinte e três áres e setenta e um centiáres), com fundo para mangue/Rio Tibiri. -
78;05/03/2025;Terreno;Venda;São Luís;Vinhais;Rua Cinqüenta e Seis, Nº 2;-2.527842;-44.243852;R$ 0.00;0;0;0;1057;378;399900;Daniel Meneses;(98) 98136-7133! ;DEIXE SEU CONTATO NO CHAT QUE EU RETONOMais informações pelo WhatsappO Vinhais de São Luís é, segundo os historiadores, o bairro mais antigo do Maranhão. Foi ali que se verificou a primeira aprovação europeia no Brasil Setentrional. A sua aprovação remonta a meados de 1.500 quando ali habitava a tribo indígena ?Tupinambá? que, no ano de 1612 recebeu os franceses.Trata-se de dois lotes juntos, cada lote tem sua matricula individual, porem eu somente posso vender os dois juntos, pois o acesso ao lote do lado direito agora é somente pelo primeiro lote, esse onde está construído a casa. Como pode ver pelas imagens existe a estrutura de uma pequena casa construída no Lote 1, casa simples ainda com acabamento original de 11 anos atrás.Lote 1 (casa) ● Frente: 10mt ● Lateral direita: 27mt ● Fundo: 10mt ● Lateral esquerda: 27mtLote 2 (terreo) ● Frente: 25mt ● Lateral direita: 31,80mt ● Fundo: 25,03mt ● Lateral esquerda: 33mt
79;05/03/2025;Terreno;Venda;São Luís;Cidade Operaria;Avenida 203, Nº SN;-2.574074;-44.203902;R$ 0.00;0;0;0;434;921;400000;Iury Melo;(98) 98314-9143! ;Vendo Terreno Murado na Avenida da Cidade operaria, Av prox. Mateus. Valor: 400 mil Iury MeloCorretor de imóveis 9.8314.9143.
80;05/03/2025;Terreno;Venda;São Luís;Olho d'Água;Rua Bela Vista, Nº 49;-2.493079;-44.236113;R$ 0.00;0;0;0;834;479;400000;PEREIRA VERAS E FEITOSA LTDA.;(98) 4009-9000;Terreno no Olho d Agua, 834m2, plano, próximo aos prédios da Alcoa. -
81;05/03/2025;Terreno;Venda;São Luís;São Francisco;Travessa Um, Nº 987;-2.51097;-44.305912;R$ 828.51;0;0;0;476;861;410000;E D B PEREIRA - ME;(98) 98853-1891! ;🏡 Terreno à Venda na Cohama – Localização Privilegiada! 📍Se você busca um terreno bem localizado para construir ou investir, esta é a oportunidade ideal!📌 Localização: Cohama – Próximo ao San Paolo📏 Área total: 476,59m² (18m x 40m)💰 Valor: R$ 410.000Entre em contato e garanta esse excelente investimento! 📞
82;05/03/2025;Terreno;Venda;São Luís;Cohab Anil;Avenida Osvaldo Cruz, Nº 10;-2.545431;-44.220039;R$ 0.00;0;0;0;640;656;420000;George Luis Menezes Lima;(98) 99188-8045! ;Terreno Comercial na Cohab próprio para prédio comercial , vila de apartamentos para locação ou Construção de Empresa
83;05/03/2025;Terreno;Venda;São Luís;Jardim Renascença;Avenida Monção, Nº 1;-2.503483;-44.287235;R$ 0.00;0;0;0;360;1250;450000;PEREIRA VERAS E FEITOSA LTDA.;(98) 4009-9000;Ótimo Terreno no Renascença com 360m² -
84;05/03/2025;Terreno;Venda;São Luís;Turu;Conjunto Primavera, Nº 14;-2.516396;-44.230412;R$ 0.00;0;0;0;810;555;450000;Majestic Negócios Imobiliários;(98) 99619-1124! ;"810M2;Documentado;Rua Asfaltada;Rua Fechada;Próximo ao INCRA e ao Secreto Bosque.As informações estão sujeitas a alterações. Consulte o corretor responsável. Chave do anúncio: rVzM9q2rJbrtLIwt"
85;05/03/2025;Terreno;Venda;São Luís;Olho d'Água;;-2.4902104;-44.227929;R$ 1,233.09;0;0;0;450;1066;480000;IMOBILIÁRIA ALBUQUERQUE;(98) 98186-4505! ;Terreno para venda no Olho DÁguaMetragem: 15x30Valor: R$ 480 milFale conosco: -
86;05/03/2025;Terreno;Venda;São Luís;Turu;Rua General Artur Carvalho, Nº SN;-2.500708;-44.202255;R$ 846.15;0;0;0;1800;277;499000;George Luis Menezes Lima;(98) 99188-8045! ;Terreno plano Excelente localização a 30 metros da Avenida General Arthur Carvalho 30 metros de frente x 60 metros de fundo.Oportunidade para construtor e investidor -Área que mais cresce na região do Turu.Localização muito boa e terreno plano- Vai de uma rua a outra sendo uma pavimentada.Toda documentação pronta.
87;05/03/2025;Terreno;Venda;São Luís;Olho d'Água;Avenida Atlântica, Nº 2;-2.484535;-44.224203;R$ 0.00;0;0;0;792;631;500000;TRIUNFO IMÓVEIS;(85) 98101-0712! ;"""Que tal agendar uma visita e tirar todas as suas dúvidas?Entre em contato com um dos nossos especialistas de plantão!Que tal agendar uma visita e tirar todas as suas dúvidas? Entre em contato com um dos nossos especialistas de plantão!WHATSAPP Acesse nosso Site www.triunfoimoveis.com - digite o código do anúncio com inicial (TR) e veja mais detalhes deste imóvel.A TRIUNFO IMÓVEIS Buscamos entender você antes de atender.Procuramos estar sempre à frente do mercado, investindo em Tecnologia e Inovação.ESTAMOS PRESENTES EM : SÃO LUÍS / LENÇOIS MARANHESES / TERESINA / FORTALEZA / RECIFE.Conheça mais opções de imóveis nos nossos canaisInstagram: @triunfoimoveissaoluisSite: triunfoimoveis.comYoutube: Triunfo Imoveis@2024 copyright todos os direitos reservados para Triunfo Imóveis. Fica proibida qualquer reprodução dos vídeos e fotos sem prévia autorização.Creci - J406WHATSAPP """
88;05/03/2025;Terreno;Venda;São Luís;Areinha;Rua Vinte e Um, Nº 24;-2.54784;-44.291712;R$ 0.00;0;0;0;1536;325;500000;PEREIRA VERAS E FEITOSA LTDA.;(98) 4009-9000;Terreno na Areinha com 1.536m². -
89;05/03/2025;Terreno;Venda;São Luís;COHAB Anil I;Avenida Aluízio Azevedo, Nº SN;-2.544714;-44.217092;R$ 855.01;0;0;0;135;3703;500000;Iury Melo;(98) 98314-9143! ;Vendo Terreno Na Cohab Próximo Jerônimo de Albuquerque Valor: R$ 500.000,009x15Iury Melo Corretor de Imóveis (98) 9.8314.9143 WhatsApp
90;05/03/2025;Terreno;Venda;São Luís;Alto do Calhau;Rua Dois, Nº 8;-2.600297;-44.187342;R$ 0.00;0;0;0;600;833;500000;Allan de Assis de Melo Ferreira;(98) 98737-0283! ;✨Terreno no Altos do Calhau📍Próximo ao Brisas / Jardins✅30x20 (600m2)✅Excelente localização 💰R$ 500.000,00
91;05/03/2025;Terreno;Venda;São Luís;Quintas do Calhau;;0;0;R$ 0.00;0;0;0;950;526;500000;RAFAELLE IMÓVEIS ALTO PADRÃO;(98) 98137-0132! ;Oportunidade imperdível em Quintas do Calhau!Terreno amplo e em localização privilegiada, próximo ao Barramar, à Avenida dos Holandeses e ao Shopping do Automóvel.Características:Área total: 950 metros quadradosLocalização: Quintas do Calhau, São Luís - MA, esquina da Av. São Bento com R. CururupuDe esquina: Maior valorização e potencial para projetos inovadoresMurado: Segurança e privacidade para você e sua famíliaDocumentação em dia e IPTU quitado.Entre em contato agora mesmo e agende a sua visita!Contatos: ( 98) - Rafaelle Riviera - Leda Campelowww.rivieranegocios.net.br@rimoveis.maFale conosco: -
92;05/03/2025;Terreno;Venda;São Luís;Jardim Eldorado;Rua Jari, Nº 16;-2.515214;-44.228588;R$ 2,633.56;0;0;0;1000;500;500000;PEREIRA VERAS E FEITOSA LTDA.;(98) 4009-9000;Ótimo terreno nascente, no Jardim Eldorado, sendo 20 metros de frente por 50 metros de fundo, total de 1.000 m2, a 40 metros da São luís Rei de França, murado, ao lado do posto BR que tem o Empório da Terra. -
93;05/03/2025;Terreno;Venda;São Luís;Olho d'Água;Rua Projetada, Nº 19;-2.495535;-44.216295;R$ 0.00;0;0;0;720;763;550000;PEREIRA VERAS E FEITOSA LTDA.;(98) 4009-9000;Terreno ótima localização, próximo a Av. São Luís Rei de França, ao lado de escola, supermercado...medindo 720 m² (20 x 36), murado. aceita permuta em apartamento ou casa. -
94;05/03/2025;Terreno;Venda;São Luís;Renascença;Rua das Palmeiras, Nº SN;-2.508735;-44.294619;R$ 2,735.38;0;0;0;450;1222;550000;DLEI EMPREENDIMENTOS LTDA - ME;(98) 3303-9522;TERRENO COM APROXIMADAMENTE 450 M², COM OTIMA LOCALIZAÇÃO.Mais informações:(Imobiliária) (Raphael Grijó - TIM e Whatsapp) Ou se preferir, deixe seu numero de telefone, que entraremos em contato com você.
95;05/03/2025;Terreno;Venda;São Luís;Aracagi;Condomínio Hilton Rodrigues, Nº 20;-2.530672;-44.298895;R$ 0.00;0;0;0;1200;458;550000;E D B PEREIRA - ME;(98) 98853-1891! ;Vende-se um lote no Bairro Araçagy, próximo ao condomínio ItálIia Residence.Lote com 40 de frente e 30 de fundo.Rua de acesso com asfalto, ótima localização. O lote fica a 500 metros da praia. Total de 1.200 metros² , sendo 40 metros de frente e 30 metros de fundo.Valor da venda, R$ 550.000,00.
96;05/03/2025;Terreno;Venda;São Luís;Parque Athenas;;0;0;R$ 0.00;0;0;0;742;795;590000;IMOBILIÁRIA ALBUQUERQUE;(98) 98186-4505! ;VENDO EXCELENTE TERRENO LOCALIZADO NO PARQUE ATHENAS!Características do Terreno: - Plano- Todo Murado- Excelente Localização- Com duas frentes- Formato Trapezoidal- Com área total de 742 M²NÃO PERCA ESTA OPORTUNIDADE E AGENDE JÁ SUA VISITA COM A ALBUQUERQUE IMÓVEIS!!!Fale conosco: -
97;05/03/2025;Terreno;Venda;São Luís;Olho d'Água;Avenida Atlântica, Nº 1;-2.480392;-44.231488;R$ 0.00;0;0;0;0;0;600000;Iury Melo;(98) 98314-9143! ;Excelente terreno medindo 20 x 40, perfazendo uma área de 800m² , nas proximidades da extensão da avenida litorânea.Agende já uma visita no local.
98;05/03/2025;Terreno;Venda;São Luís;Calhau;Rua 22, Nº 2;-2.49255;-44.282337;R$ 3,491.60;0;0;0;800;750;600000;TRIUNFO IMÓVEIS;(85) 98101-0712! ;"""Que tal agendar uma visita e tirar todas as suas dúvidas?Entre em contato com um dos nossos especialistas de plantão!Que tal agendar uma visita e tirar todas as suas dúvidas? Entre em contato com um dos nossos especialistas de plantão!WHATSAPP Acesse nosso Site www.triunfoimoveis.com - digite o código do anúncio com inicial (TR) e veja mais detalhes deste imóvel.A TRIUNFO IMÓVEIS Buscamos entender você antes de atender.Procuramos estar sempre à frente do mercado, investindo em Tecnologia e Inovação.ESTAMOS PRESENTES EM : SÃO LUÍS / LENÇOIS MARANHESES / TERESINA / FORTALEZA / RECIFE.Conheça mais opções de imóveis nos nossos canaisInstagram: @triunfoimoveissaoluisSite: triunfoimoveis.comYoutube: Triunfo Imoveis@2024 copyright todos os direitos reservados para Triunfo Imóveis. Fica proibida qualquer reprodução dos vídeos e fotos sem prévia autorização.Creci - J406WHATSAPP """
99;05/03/2025;Terreno;Venda;São Luís;Sitio Leal;Avenida dos Africanos, Nº 3400;-2.557513;-44.264925;R$ 0.00;0;0;0;3659;163;600000;PEREIRA VERAS E FEITOSA LTDA.;(98) 4009-9000;Terreno com 3.659m² -
100;05/03/2025;Terreno;Venda;São Luís;Jardim Eldorado;;0;0;R$ 0.00;0;0;0;1600;375;600000;IMOBILIÁRIA ALBUQUERQUE;(98) 98186-4505! ;Terreno em localização privilegiada no Bairro Jardim Eldorado com 1600 m² .Fale conosco: -
101;05/03/2025;Terreno;Venda;São Luís;Cruzeiro de Santa Barbara;Rua São Jerônimo, Nº SN;-2.599763;-44.207762;R$ 0.00;0;0;0;10000;60;600000;Francinaldo G. Santos;(98) 98851-5946! ;Vendo terreno de 1 hectare no Cruzeiro de Santa Barbara, São Luís MA.
102;05/03/2025;Terreno;Venda;São Luís;Nova Republica;Rua Tancredo Neves, Nº 74;-2.643508;-44.2774;R$ 0.00;0;0;0;1700;352;600000;PEREIRA VERAS E FEITOSA LTDA.;(98) 4009-9000;Ótima área bem localizada composta por sete quitinetes e uma casa. poço artesiano caixa de 5000 litros. -
103;05/03/2025;Terreno;Venda;São Luís;Jardim Renascença;Avenida Monção, Nº 3;-2.502728;-44.287286;R$ 0.00;0;0;0;450;1333;600000;PEREIRA VERAS E FEITOSA LTDA.;(98) 4009-9000;Terreno de esquina em área nobre medindo 15x30. -
104;05/03/2025;Terreno;Venda;São Luís;Jardim Renascença;Rua das Juçaras, Nº 207;-2.504876;-44.295575;R$ 2,037.29;0;0;0;360;1666;600000;Daniel Meneses;(98) 98136-7133! ;"ATENDIMENTO PELO WHATSAPP É MAIS RÁPIDO98 9 81 367 1 33Terreno no bairro Jardim Renascença, próximo ao Condomínio Parque Renascença Florença, atras da Casa & Cor loja de tintas e apenas 100 metros da Av. Cel. Colares Moreira. Trata-se de um lote, com um tamanho de 12 metros de frente por 30 metros de fundo, totalizando 360m². Fica em uma rua bem estruturada alem de uma ótima estrutura de comercio local, com restaurantes, igrejas, praças e etc.Não deixe de visitar e conhecer a beleza desse imóvel de perto!Agendamentos disponíveis de segunda a sábado das 9h às 17h. Entre em contato!(98)9. | 9. * * *Nosso correspondente bancário trabalha com todos os bancos e com as melhores taxas do mercado.Aprovação de crédito em até 24h.Trabalhamos também nos seguintes empreendimentos:Alto Padrão, Alto do Renascença; Aquamarine, Brisas, Dellamare, Fiorde, Grand Park, Reserva Lagoa, Reserva Renascença, Ilha do Sol, Ilha Parque, Jardins, Maria, "
105;05/03/2025;Terreno;Venda;São Luís;Turu;Rua Nova, Nº S/N;-2.516396;-44.230412;R$ 0.00;0;0;0;1000;600;600000;Dennys Cutrim;(98) 98162-2442! ;Terreno de 1.000 m² à Venda Rua Nova, Início da Estrada do Parque Vitória Turu, São Luis MA  Preço: R$ 600.000,00  Características do Imóvel:  Tipo: Terreno   Área: 1.000 m² (Dimensões: 20 x 50 m)    Localização:  Localizado na Rua Nova, no início da Estrada do Parque Vitória   Próximo ao Cemitério do Turu   Atrás da Igreja Católica N.S. da Vitória   Ao lado dos Condomínios Lago Verde I e II    Documentação:  Toda a documentação está regularizada e pronta para transferência.    Aproveite essa oportunidade única de investir em um terreno com localização estratégica e alto potencial de valorização! 
106;05/03/2025;Terreno;Venda;São Luís;Olho d'Água;Rua Jaú;-2.492846;-44.223029;R$ 344.79;0;0;0;998;601;600000;RE/MAX DREAMS;(98) 3089-0150;Terreno à Venda no Olho D'Água - 1000 m²Oportunidade única para adquirir um terreno excepcional em uma das áreas mais valorizadas e desejadas de Olho D'Água. Este amplo lote de 1000 m² oferece um espaço ideal para a construção da casa dos seus sonhos ou para investimento, com excelente potencial de valorização, tornando-se uma escolha inteligente para quem busca segurança e rentabilidade.Localizado em um bairro residencial de alto padrão, o terreno possui fácil acesso às principais vias da região, estando a poucos minutos de algumas das mais belas praias da cidade. Além disso, a proximidade com escolas renomadas, supermercados, farmácias, academias, e diversas opções de lazer e gastronomia faz deste terreno uma escolha estratégica para quem valoriza comodidade e qualidade de vida.A infraestrutura local é completa, com ruas asfaltadas, iluminação pública, e sistemas de água e esgoto já instalados. A segurança é um dos pontos fortes da região, que conta com
107;05/03/2025;Terreno;Venda;São Luís;Cohafuma;Rua do Desenho;-2.510609;-44.264335;R$ 3,491.60;0;0;4;250;2463;615750;Allana Bacelar Reis;(98) 98723-6265! ;Lote repasse no The one Lote nascente 250 m2 Entrada de 120.000,00180 x 4.800,00
108;05/03/2025;Terreno;Venda;São Luís;Calhau;;-2.491853;-44.2842;R$ 5,378.31;0;0;10;2250;280;630000;alysson franklin pinheiro martins franklin pinheiro martins;(98) 98716-0993! ;VENDE-SE 5 LOTES MURADOS E PLANOS, DE 75 X 30 TOTALIZANDO UMA ÁREA DE 2.250 M², EM EXCELENTE LOCALIZAÇÃO NO ALTO DO CALHAU, PRÓXIMO A HOLANDESES, LITORÂNEA E PARK ATHENAS E GRAND PARK, IDEAL PARA OS MAIS VARIADOS SEGMENTOS COMERCIAIS, COMO: GALPÕES, FABRICAS, OFICINAS, LOGÍSTICAS EM GERAL, E ETC... POSSIBILIDADE DE ACEITAR CARRO NA NEGOCIAÇÃO. R$ 630.000,00. ALYSSON MARTINS: (OI E ZAP) / - CRECI 3098.VENDA - LOCAÇÃO - FINANCIAMENTO - TRANSFERÊNCIA - LEGALIZAÇÃO – INVENTARIO - REGULARIZAÇÃO E PROJETOS TOPOGRÁFICOS DE TODOS OS TIPOS DE IMÓVEIS - IMÓVEIS Q FORAM À LEILÃO TEMOS A SOLUÇÃO.VISITE MINHA LOJA COM VARIAS OPÇÕES DE IMÓVEIS: https://www.olx.com.br/perfil/alysson-franklin-pinheiro-martins-franklin-pinheiro-martins-e19f4bc8?action=share&origin=copy_link
109;05/03/2025;Terreno;Venda;São Luís;Turu;Rua General Artur Carvalho, Nº SN;-2.506875;-44.210769;R$ 846.15;0;0;0;3600;180;650000;Leonardo P. Souza;(98) 98866-7357! ;Vendo 8 lotes juntos de 15 x 30 m, cada um, totalizando uma área de 3600 m². ao lado da Av General Artur Carvalho e próximo à sede do Sampaio Correa.Valor: R$ 650.000,00PARA MAIOR AGILIDADE NÃO USE O CHAT OLX!FALE NOS NÚMEROS ABAIXO, RETORNO IMEDIATO!TRATAR:  ( Oi - Whatsapp) ( 98 )
110;05/03/2025;Terreno;Venda;São Luís;Parque Atlˆntico;Rua Andorinhas;0;0;R$ 0.00;0;0;0;800;812;650000;PEREIRA VERAS E FEITOSA LTDA.;(98) 4009-9000;Lindo terreno próximo a Litorânea com luz, agua e asfalto. -
111;05/03/2025;Apartamento;Venda;São Luís;Turu;Rua General Artur Carvalho, Nº 23;-2.517418;-44.225548;R$ 846.15;2;1;0;40;750;30000;Pedro Henrique Reis Gomes;(98) 98488-9969! ;Apartamento para Repasse de chave 🔑 no Condomínio Village das Árvores II 📍localizado na área do TuruEmpreendimento em planta, previsão de entrega para Dezembro de 2025✅ Térreo ✅ 2 Quartos✅ 1 banheiro social✅ Gás encanado🚗 1 Vaga de Garagem🏊‍♂️ Área de Lazer com Piscina🍖 Churrasqueira🏋🏻 Academia🛝 Playgrond💰 Valor da chave 🔑 R$ 30.000,00⚠️ 48X R$1.029,00 Com a construtora4x Semestrais: R$1.249,00Parcela caixa R$570,00Saldo devedor Caixa R$112.262,91WHATS 98.9.8.1.4.6.4.7.1.2 CRECI 7792
112;05/03/2025;Apartamento;Venda;São Luís;Cruzeiro de Santa Barbara;Rua São Jerônimo;-2.599763;-44.207762;R$ 0.00;2;1;1;40;825;33000;Meu Imóvel;(98) 98888-9999! ;Entre em contato abaixo:Vanessa Arcoverde | Creci 7057(98)9.8.2.6.2.4.2.6.3CHAT NÃO FUNCIONA,CHAMA NESSE CONTATO ACIMA 👆🏼Passo Chave de Apto no Condomínio Alvorada IIBLOCO 21AP 304O imóvel possui: 2 quartosCozinha Sala de estar/jantarWc social1 vaga de garagemChave = 33 milPrestação Caixa = 450,00Saldo devedor Caixa = 84 milEncargo de obra = 398,00Pré chave - 15x 976,00Pós chave - 40x 759,002 intermediárias - 1.950Entrega: Dez 2025
113;05/03/2025;Apartamento;Venda;São Luís;Maiobinha;Rua Santa Maria, Nº 111;-2.559219;-44.204786;R$ 0.00;2;1;1;64;546;35000;Eurico Vaz de Moraes Filho;(98) 98550-0617! ;"DESCRIÇÃO: Chave de apartamento a venda no Condomínio Clube Bela Cintra Life, no TÉRREO GARDEM (Giardino), 64m2 de área privativa real, 2 quartos, banheiro social, sala de estar/jantar, cozinha americana, área de serviço e uma vaga de garagem. Área de lazer com 11 itens: academia completa, mobiliada e decorada. guarita de segurança, cerca elétrica e sistema de CFTV (câmeras de segurança). Piscina adulto com deck molhado; piscina infantil; quadra poliesportiva; salão de festas com churrasqueira; academia; salão de jogos; brinquedoteca; playground; quiosques e solarium. São 16 Blocos, que somam 496 unidades habitacionais. Ônibus passa na porta do condomínio. LOCALIZAÇÃO: Rua Santa Maria, Bairro Maiobinha. REFERÊNCIA: Estrada de Ribamar - MA 201 e Transágua. FINANCEIRO: Valor da Chave R$ 35 mil. Aceita proposta. Débito Construtora Negociável (Entrada mínima: R$ 20 Mil e mais 45 parcelas de R$ 886,00). Condomínio aprox. R$ 200. Prestação CEF aprox. R$ 652,00. CON"
114;05/03/2025;Apartamento;Venda;São Luís;Turu;Rua General Artur Carvalho, Nº 1;-2.515266;-44.220912;R$ 846.15;2;1;1;50;700;35000;Meu Imóvel;(98) 98888-9999! ;O imóvel está localizado no bairro Turu com 50 metros quadrados com 2 quartos e 1 banheiro✨Repasse de chave Be Life Resort 3*Apresentamos um lindo apartamento no Condomínio Be Life Resort, ideal para você que busca conforto e qualidade de vida! Em construção  *Localização:* Avenida General Arthur Carvalho -Turu☑️⁠Térreo Giardino ☑️⁠ Nascente☑️⁠*Quartos:* 2☑️⁠*Banheiro:* 1 (Semi suíte)💰 *Condições de RepasseChave:* R$35.000,00 Parcela CAIXA:* R$1.300,00Tem saldo construtoraPARA ATENDIMENTO MAIS RAPIDO CHAME DIRETO NO WHASTSPPINFO 📲Joyce Pereira (9.8)9.7.0.2.6.3.9.7.4CRECI 6454
115;05/03/2025;Apartamento;Venda;São Luís;Turu;;0;0;R$ 0.00;2;1;1;58;603;35000;Pedro Henrique Reis Gomes;(98) 98488-9969! ;CAR ✨ **Oportunidade Imperdível!** ✨Apresentamos um lindo apartamento no Condomínio Be Life Resort, ideal para você que busca conforto e qualidade de vida! 🏡 **Detalhes do Imóvel:**- **Localização:** Térreo Giardino Nascente- **Quartos:** 2- **Banheiro:** 1 (Semi suíte)💰 **Condições de Pagamento:**- **57 parcelas:** R$766,00- **2 anuais:** R$2.000,00 (setembro 2025 e setembro 2026)- **Parcela CAIXA:** R$1.300,00- **Chave:** R$35.000,00Não perca essa chance de garantir seu novo lar em um dos melhores condomínios da região! Entre em contato para mais informações. 🏖️🌿
116;05/03/2025;Apartamento;Venda;São Luís;Turu;Rua General Artur Carvalho, Nº 1A;-2.515266;-44.220912;R$ 846.15;2;1;1;41;902;37000;Francinaldo G. Santos;(98) 98851-5946! ;*PASSO VILLAGE DO PORTO II**CHAVE R$ 37.000,00*ENTREGA DEZEMBRO DE 20251 Andar, nascente.*Prestação caixa: R$ 777,00**Taxa de obra: R$ 473,00**Parcelas da construtora:* *21X R$ 880,00.**36X R$ 616,51 (COM CORRECAO DO INCC)**Saldo devedor caixa R$ 101.653,48*
117;05/03/2025;Apartamento;Venda;São Luís;Cidade Operaria;Avenida Arterial Norte Externa, Nº 3;-2.596097;-44.197332;R$ 571.71;2;1;1;45;888;40000;Meu Imóvel;(98) 98888-9999! ;Vende-se Chave Apartamento Jardim Evora!!!Oportunidade Repasse de chave Jardim de Evora - 2º andar 📍Localizado na Região da Cidade Operaria ✔️Sala de estar/jantar✔️ Cozinha com área de serviço✔️ 02 Quartos✔️ Banheiro SocialDados da negociação:💰 *R$ 40.000,00 - Valor da chave*💰 *R$ 814,65 - Prestação caixa*💰 *R$ 156.211,77 - Saldo devedor caixa*🏗️ *Saldo com a construtora:*✔️ ⁠*Parcelas Mensais 33 x R$ 765,21*✔️ *Parcela intermediaria: R$ 2.131,30*
118;05/03/2025;Apartamento;Venda;São Luís;Sitio Leal;Rua Salvador de Oliveira;-2.556262;-44.263193;R$ 0.00;2;1;1;44;909;40000;Meu Imóvel;(98) 98888-9999! ;Oportunidade Repasse de chave Jardim de Evora - 2º andar 📍Localizado na Região da Cidade Operaria ✔️Sala de estar/jantar✔️ Cozinha com área de serviço✔️ 02 Quartos✔️ Banheiro SocialDados da negociação:💰 *R$ 40.000,00 - Valor da chave*💰 *R$ 814,65 - Prestação caixa*💰 *R$ 156.211,77 - Saldo devedor caixa*🏗️ *Saldo com a construtora:*✔️ ⁠*Parcelas Mensais 33 x R$ 765,21*✔️ *Parcela intermediaria: R$ 2.131,30**Rogério Motivado CRECI/MA 6658*
119;05/03/2025;Apartamento;Venda;São Luís;Cidade Operaria;Avenida Arterial Norte Externa;-2.596097;-44.197332;R$ 571.71;2;1;1;42;952;40000;Meu Imóvel;(98) 98888-9999! ;Oportunidade Repasse de chave Jardim de Evora - 2º andar 📍Localizado na Região da Cidade Operaria ✔️Sala de estar/jantar✔️ Cozinha com área de serviço✔️ 02 Quartos✔️ Banheiro SocialDados da negociação:💰 *R$ 40.000,00 - Valor da chave*💰 *R$ 814,65 - Prestação caixa*💰 *R$ 156.211,77 - Saldo devedor caixa*🏗️ *Saldo com a construtora:*✔️ ⁠*Parcelas Mensais 33 x R$ 765,21*✔️ *Parcela intermediaria: R$ 2.131,30**Rogério Motivado CRECI/MA 6658*
120;05/03/2025;Apartamento;Venda;São Luís;Cidade Operaria;Avenida Arterial Norte Externa, Nº 2;-2.596097;-44.197332;R$ 571.71;2;1;1;40;1000;40000;Meu Imóvel;(98) 98888-9999! ;O imóvel está localizado na Cidade Operaria tem 45 metros quadrados com 2 quartos e 1 banheiroOportunidade Repasse de chave Jardim de Evora - 2º andar 📍Localizado na Região da Cidade Operaria ✔️Sala de estar/jantar✔️ Cozinha com área de serviço✔️ 02 Quartos✔️ Banheiro SocialDados da negociação:💰 *R$ 40.000,00 - Valor da chave*💰 *R$ 814,65 - Prestação caixa*💰 *R$ 156.211,77 - Saldo devedor caixa*🏗️ *Saldo com a construtora:*✔️ ⁠*Parcelas Mensais 33 x R$ 765,21*✔️ *Parcela intermediaria: R$ 2.131,30*
121;05/03/2025;Apartamento;Venda;São Luís;Cohab Anil III;Avenida Alarico Pacheco;-2.549129;-44.216179;R$ 0.00;2;1;1;52;769;40000;G9 consultoria imobiliária;(98) 98867-2307! ;Passo apto cohabsala dois quartos, cozinho e banheiro, todo reformadoprestação $560Sado devedor $60 milChave: $40 mil (aceita proposta)
122;05/03/2025;Apartamento;Venda;São Luís;Cidade Operaria;Avenida Arterial Norte Externa, Nº 6;-2.596097;-44.197332;R$ 571.71;2;1;1;47;851;40000;Meu Imóvel;(98) 98888-9999! ;O imóvel no bairro Cidade Operária tem 47 metros quadrados com 2 quartos e 1 banheiroOportunidade Repasse de chave Jardim de Evora - 2º andar 📍Localizado na Região da Cidade Operaria ✔️Sala de estar/jantar✔️ Cozinha com área de serviço✔️ 02 Quartos✔️ Banheiro SocialDados da negociação:💰 R$ 40.000,00 - Valor da chave💰 R$ 814,65 - Prestação caixa💰 R$ 156.211,77 - Saldo devedor caixa🏗️ Saldo com a construtora:✔️ ⁠Parcelas Mensais 33 x R$ 765,21✔️ Parcela intermediaria: R$ 2.131,30
123;05/03/2025;Apartamento;Venda;São Luís;Jardim Sao Cristovao II;Rua Dez;-2.582524;-44.216618;R$ 0.00;2;1;1;45;1000;45000;FORTALEZA - CE IMÓVEIS;(85) 99841-8731! ;*PASSO 🔑 CONDOMÍNIO DELL LEST 4*SALA✅CONZINHA ✅BANHEIRO ✅2!QUARTOS PARCELA DA CAIXA :500Mais informações :Obs:3° andar chave oportunidade: 45.000,00 Parcelas: 500,00 Saldo Devedor: 89.892,00 Marque sua visita
124;05/03/2025;Apartamento;Venda;São Luís;Forquilha;Estrada da Maioba, Nº 584;-2.555101;-44.217918;R$ 0.00;2;1;1;48;937;45000;Pedro Henrique Reis Gomes;(98) 98488-9969! ;Para mais informações entre em contato: Corretor Jackson Lenon Creci 7076 Imobiliária Meu Imóvel Creci J370N°(98)9 86 04 30 84Vendo uma chave no Cond. Wynn localizado na Estrada da Maioba, próximo ao Viva da Maioba.O imóvel possui 48 metros quadrados com 2 quartos e 1 banheiroPossui área de fitness, espaço gourmet, área verde de jardim, área de brinquedo para as crianças, salão para festas e eventos.Vai lhe possibilitar curtir os dias mais quentes na piscina, praticar diversos esportes na quadra poliesportiva. Churrasqueira para você aproveitar nos momentos de descontração.Encontra-se em um condomínio protegido por muros.Para mais informações entre em contato: Corretor Jackson Lenon Creci 7076 Imobiliária Meu Imóvel Creci J370N°(98)9 86 04 30 84
125;05/03/2025;Apartamento;Venda;São Luís;Forquilha;Estrada da Maioba, Nº 1;-2.552734;-44.214897;R$ 0.00;2;1;0;48;1041;50000;Pedro Henrique Reis Gomes;(98) 98488-9969! ;Entre em contato e tenha todas as informações:Jackson Lenon: (98)9 86 04 30 84O imóvel na Estrada da Maioba possui 48 metros quadrados com 2 quartos e 1 banheiroPossui área de fitness, espaço gourmet, área verde de jardim, área de brinquedo para as crianças, salão para festas e eventos.Vai lhe possibilitar curtir os dias mais quentes na piscina, praticar diversos esportes na quadra poliesportiva. Churrasqueira para você aproveitar nos momentos de descontração.Encontra-se em um condomínio protegido por muros.Entre em contato e tenha todas as informações:Jackson Lenon: (98)9 86 04 30 84
126;05/03/2025;Apartamento;Venda;São Luís;Turu;Rua General Artur Carvalho, Nº 5455;-2.516396;-44.230412;R$ 846.15;2;2;1;50;1000;50000;Acerte Imobiliária;(98) 3302-6425;CAIO CAMPOS: (98) 9.9.2.3.8.6.8.8.1 / INSTAGRAM: @CAIOCSCAMPOSFALE COMIGO AGORA
127;05/03/2025;Apartamento;Venda;São Luís;Bequimão;Avenida Perimetral Norte, Nº 15;-2.530735;-44.249897;R$ 0.00;2;1;1;55;909;50000;Iury Melo;(98) 98314-9143! ;Passo Apartamento No Bequimão Condomínio Ipem Bequimão Varanda, sala, dois quartos, cozinha e área de serviço, condomínio fechado com uma vaga de garagemSaldo Devedor: 90 mil reais Chave: 50 mil reais Prestação: 550 reais.Iury Melo Corretor de Imóveis (98) 9.8314.9143 WhatsApp
128;05/03/2025;Apartamento;Venda;São Luís;Santa Rosa;Rua Santa Rosa;-2.499482;-44.20875;R$ 0.00;2;1;1;44;1136;50000;Martins Imóveis S L Z;(98) 98166-3163! ;✅ DISPONÍVEL Condomínio: ⚜️ Casa de Vallois ⚜️Torre: 03 Apart: Parcela Caixa: R$ 1.435,45Saldo CAIXA: 192,834,002 Quartos 1 banheiroSala de estar/ jantarVaranda Área de serviço sem: GaragemVantagens: Andar Alto(5° ANDAR) Torre com Elevador 🛗Localização: TURU
129;05/03/2025;Apartamento;Venda;São Luís;Maiobinha;Estrada da Mata, Nº 755;-2.559219;-44.204786;R$ 0.00;2;1;1;50;1100;55000;Acerte Imobiliária;(98) 3302-6425;CAIO CAMPOS: INSTAGRAM: @CAIOCSCAMPOS >> O VILLA PARK é um empreendimento da Construtora ENGEPLAN localizado na região da CIDADE OPERÁRIA, bem próximo do Socorrão 2 e ao MixMateus.Todos os caminhos levam você ao melhor lugar: Seu novo lar!Numa área de constante expansão, você vai morar próximo de faculdades, supermercados, shopping, farmácias, postos de combustíveis e muitomais. São mais de 10 linhas de onibus que passam na frente do condomínio.Conta com a novidade BICICLETAR. Um espaço entregue com 10 bicicletas padronizadas para uso exclusivo dos moradores, para exercitar-se oulocomover-se pelas facilidades bairro.Por participar do Programa CASA VERDE E AMARELA (antigo Minha Casa Minha Vida), você pode ganhar desconto de até R$ 47.500 (subsídio) novalor total do imóvel e redução dos juros do nanciamento.Os apartamentos possuem planta padrão de 46,46 m² e os PCD com 50,04 m², ambos com 2 quartos (uma semi suíte) sala de estar/jantar, cozinha
130;05/03/2025;Apartamento;Venda;São Luís;Turu;Rua General Artur Carvalho, Nº 5545;-2.516396;-44.230412;R$ 846.15;2;2;1;50;1100;55000;Acerte Imobiliária;(98) 3302-6425;CAIO CAMPOS: (98) 9.9.2.3.8.6.8.8.1 / INSTAGRAM: @CAIOCSCAMPOSFALE COMIGO AGORA
131;05/03/2025;Apartamento;Venda;São Luís;Turu;Rua General Artur Carvalho, Nº 755;-2.506662;-44.210112;R$ 846.15;2;1;0;41;1341;55000;Acerte Imobiliária;(98) 3302-6425;CAIO CAMPOS: (98) 9.9.2.3.8.6.8.8.1INSTAGRAM: @caiocscampos
132;05/03/2025;Apartamento;Venda;São Luís;Cruzeiro de Santa Barbara;Rua São Jerônimo, Nº 204;-2.603025;-44.202679;R$ 0.00;2;1;0;46;1195;55000;Mayanna Vieira Lima;(98) 98301-0685! ;Passo Chave de apartamento sem debito com a construtora.no São Raimundo no Del Lest 4Chave 55 milfinanciamento 88 milparcela caixa R$ 560,00PARA MAIS INFORMAÇÕES, CONTATOS:Mayanna Lima Corretora de Imóveis:CRECI 6169 *98*98343*3277  *98* 98301*0685*
133;05/03/2025;Apartamento;Venda;São Luís;Cruzeiro de Santa Barbara;Rua 16 de Setembro;-2.603847;-44.208941;R$ 0.00;2;1;1;46;1217;56000;Meu Imóvel;(98) 98888-9999! ;|REPASSE DE CHAVE - ALVORADA 2|✔️ Terreo Nascente Ventilado .✔️ ⁠Sala de estar/jantar ✔️ cozinha americana ✔️ ⁠área de serviço ✔️ ⁠2 quartos ✔️ banheiro de serviçoR$ 56.000,00 Repasse de chave R$ 673,00 Prestação caixa R$ 127.199,19 Saldo devedor caixa 🏗️ Saldo com a construtora: 27 X R$ 550,00Rogério Motivado CRECI/MA 6658
134;05/03/2025;Apartamento;Venda;São Luís;Cruzeiro de Santa Barbara;Rua São Jerônimo, Nº 5000;-2.599763;-44.207762;R$ 0.00;2;1;0;44;1272;56000;DIMENSAO ENGENHARIA E CONSTRUCOES LTDA;(98) 98441-4506! ;REPASSE DE CHAVE - ALVORADA 2|✔️ Terreo Nascente Ventilado .✔️ ⁠Sala de estar/jantar ✔️ cozinha americana ✔️ ⁠área de serviço ✔️ ⁠2 quartos ✔️ banheiro de serviçoR$ 56.000,00 Repasse de chave R$ 673,00 Prestação caixa R$ 127.199,19 Saldo devedor caixa 🏗️ Saldo com a construtora: 27 X R$ 550,00
135;05/03/2025;Apartamento;Venda;São Luís;Cruzeiro de Santa Barbara;Rua São Jerônimo, Nº 100;-2.606422;-44.201308;R$ 0.00;2;1;1;43;1302;56000;Meu Imóvel;(98) 98888-9999! ;|REPASSE DE CHAVE - ALVORADA 2|✔️ Terreo Nascente Ventilado .✔️ ⁠Sala de estar/jantar ✔️ cozinha americana ✔️ ⁠área de serviço ✔️ ⁠2 quartos ✔️ banheiro de serviçoR$ 56.000,00 Repasse de chave R$ 673,00 Prestação caixa R$ 127.199,19 Saldo devedor caixa 🏗️ Saldo com a construtora: 27 X R$ 550,00Rogério Motivado CRECI/MA 6658
136;05/03/2025;Apartamento;Venda;São Luís;Sao Cristovao;Rua São Jerônimo, Nº 1;-2.607404;-44.195555;R$ 0.00;2;1;1;45;1244;56000;Meu Imóvel;(98) 98888-9999! ;O imóvel no bairro Cruzeiro de Santa Bárbara possui 45 metros quadrados com 2 quartos e 1 banheiro**🏠 Repasse apartamento no Village Alvorada II ** 📍 Rua São Jerônimo - São Cristóvão, avenida da antiga Expoema. | Em construção entrega Primeiro semestre 2025✔️ Terreo Nascente Ventilado .✔️ ⁠Sala de estar/jantar ✔️ cozinha americana ✔️ ⁠área de serviço ✔️ ⁠2 quartos ✔️ banheiro de serviço💰CONDIÇÕES DO REPASSE💰💰 Chave: R$ 56.000,00 (a vista) Prestação Caixa =R$673,00🔑TEM SALDO DEVEDOR CONSTRUTORA PARA ATENDIMENTO MAIS AGIL CHAME DIRETO NO WHASTAPP👉📲Informações | Joyce Pereira (9.8)9.7.0.2.6.3.9.7.4CRECI 6454
137;05/03/2025;Apartamento;Venda;São Luís;Cruzeiro de Santa Barbara;Rua São Jerônimo, Nº 00;-2.599763;-44.207762;R$ 0.00;2;1;1;48;1166;56000;DIMENSAO ENGENHARIA E CONSTRUCOES LTDA;(98) 98441-4506! ;- ALVORADA 2|✔️ Terreo Nascente Ventilado .✔️ ⁠Sala de estar/jantar ✔️ cozinha americana ✔️ ⁠área de serviço ✔️ ⁠2 quartos ✔️ banheiro de serviçoR$ 56.000,00 Repasse de chave R$ 673,00 Prestação caixa R$ 127.199,19 Saldo devedor caixa 🏗️ Saldo com a construtora: 27 X R$ 550,009.8.1.8.5.0.8.9.7
138;05/03/2025;Apartamento;Venda;São Luís;Turu;Rua General Artur Carvalho;-2.500708;-44.202255;R$ 846.15;2;1;1;44;1340;59000;Meu Imóvel;(98) 98888-9999! ;Chave Cond. Portinari2 quartosBanheiroÁrea de lazer Portaria 24hChave: 60.000Parcela: 780,00Saldo devedor: 100.363,33
139;05/03/2025;Apartamento;Venda;São Luís;Maiobinha;Estrada de Ribamar, Nº 12;-2.553966;-44.204397;R$ 0.00;2;1;1;45;1333;60000;Meu Imóvel;(98) 98888-9999! ;O imóvel no bairro Maiobinha com 45 metros quadrados com 2 quartos e 1 banheiroRepasse Torres do Sol 12 quartosBanheiroVarandaÁrea de lazer completa2º andarSaldo devedor: 120.227,99Parcela: 616,05Chave: 60.000,00
140;05/03/2025;Apartamento;Venda;São Luís;Maiobinha;Avenida Maranguape, Nº 10;-2.559219;-44.204786;R$ 0.00;2;2;0;45;1333;60000;Elo Imobiliária;(98) 98894-7107! ;Passo lindo apartamento, no condomínio praias belas, com varanda, sala de estar e jantar, cozinha, 1 quarto, uma suíte, excelente área de lazer, terceiro andar, nascente, excelente localização, armazém mateus , desocupado, valor da chave . 60.000,00 prestação 950,00
141;05/03/2025;Apartamento;Venda;São Luís;Bequimão;Condomínio Atlântico, Nº 1;-2.524932;-44.255009;R$ 0.00;2;1;0;63;952;60000;G9 consultoria imobiliária;(98) 98867-2307! ;Passa apto no condomínio Atlântico Bequimao 3 andar nascente , com varanda, sala, dois quartos, copa e cozinha com lavanderia, banheiro social. 63 metros quadrados. Chave 65 milsaldo devedor 95 milprestação 574,00desocupadoDIRETO COM O PROPRIETÁRIO
142;05/03/2025;Apartamento;Venda;São Luís;Turu;Rua General Artur Carvalho, Nº 20;-2.514243;-44.217803;R$ 846.15;2;1;1;44;1363;60000;Pedro Henrique Reis Gomes;(98) 98488-9969! ;Chave no Cond. Porto 2 quartos1 banheiroVarandaCozinha com projetados3º andarConstrutora: 48 x 900,00Saldo devedor da caixa: 95.694,47Parcela: 616,52Chave: 60 mil Tatiane Pereira CRECI 7989
143;05/03/2025;Apartamento;Venda;São Luís;Turu;Conjunto Primavera;-2.516396;-44.230412;R$ 0.00;2;1;0;47;1276;60000;Meu Imóvel;(98) 98888-9999! ;Chave no Cond. Porto 2 quartos1 banheiroVarandaCozinha com projetados3º andarConstrutora: 48 x 900,00Saldo devedor da caixa: 95.694,47Parcela: 616,52Chave: 60 mil
144;05/03/2025;Apartamento;Venda;São Luís;Geniparana;Estrada da Mata;-2.580086;-44.184427;R$ 0.00;2;1;1;55;1090;60000;Meu Imóvel;(98) 98888-9999! ;CHAVE 🔑 Vila Park 1🔑(📍Av. Socorrão 2 ).🔑 R$ 60.000,00- 1 Andar Nascente- Prestação Caixa R$570,00- Saldo Devedor CaixaR$103.025,55- Construtora 22x R$513,90- ⁠2x Semestrais R$1.309,57- ⁠chave R$5.533,40
145;05/03/2025;Apartamento;Venda;São Luís;Turu;Rua Santa Rosa, Nº 1;-2.499482;-44.20875;R$ 0.00;2;1;0;42;1428;60000;HOUSE 27 IMOBILIARIA LTDA;(98) 98807-4101! ;VENDO CHAVE NO CONDOMÍNIO CASA DE VALOIS NO TURU / EM CONSTRUÇÃO / ENTREGA PARA OUTUBRO DE 2025CASA DE VALOIS - BLOCO 01 - 2 Q - APTO 304 (sem vaga)R$ 60.000 ()3 X PARCELAS ANUAIS DE 1.336,60 (uma parcela já paga a segunda está para )PARCELA CONSTRUTORA: 54 parcelas R$ 691,58 até janeiro (já foram pagas 19 parcelas)SALDO DEVEDOR ATUAL EM JANEIRO CONSTRUTORA: R$ 23.101,96CARTÓRIO E ITBI: R$ 36 x 92,00 já foi pago até janeiro 19 parcelasSEGURO DE OBRA: R$ 520,00PARCELA CAIXA: R$ 540,00SALDO DEVEDOR CAIXA: R$ 119.870,00O EMPREENDIMENTO FICA À 11 MINUTOS DA AV SÃO LUIS REI DE FRANÇA / PÓLO DAS PRINCIPAIS FACULDADES DO BAIRRO E DO RIO ANIL SHOPPING e HOSPITAL DA ILHACOM TRANSPORTE PÚBLICO NO INICIO DA RUA / PRÓXIMO À POSTOS DE COMBUSTÍVEIS / ESCOLAS / CENTRO COMERCIAIS / PADARIAS / CONVENIÊNCIAS E VIAS DE ACESSO Atualizado em :16.
146;05/03/2025;Apartamento;Venda;São Luís;Recanto dos Passaros;Avenida Tancredo Neves;-2.566738;-44.190267;R$ 0.00;2;1;1;46;1304;60000;CYELTHON J. GONCALVES CONSULTORIA;(98) 98446-5151! ;🏡 Repasse de Chave – Condomínio Villa Park II | São Luís - MAEssa é a sua chance de conquistar o sonho do apartamento próprio com condições imperdíveis! 📍 Localização:Endereço: Avenida Tancredo Neves, nº 25, Bairro Recanto dos Signos, São Luís/MARegião: Cidade OperáriaCEP: 65058-748Referência: Próximo ao Socorrão 2 e ao Mix Mateus 🏢 Detalhes do Imóvel:Andar: 3º andarPosição solar: Nascente (mais ventilado e agradável)Área privativa: 46,46 m²2 quartos, sendo 1 semi-suíteSala de estar/jantarCozinha americanaBanheiro socialVarandaÁrea de serviço1 vaga de garagem 💰 Condições do Repasse:Parcela da Caixa Econômica: R$ 700,00/mês**Saldo com a construtora:**42 parcelas de R$ 323,002 parcelas anuais de R$ 2.500,00 🏢 Infraestrutura do Condomínio:Portaria 24h com guaritaCerca elétrica e sistema de CF
147;05/03/2025;Apartamento;Venda;São Luís;Bequimão;Condomínio Atlântico;-2.524932;-44.255009;R$ 0.00;2;1;1;60;1058;63500;ARA IMÓVEIS SLZ;(98) 98840-6141! ;passo chave apartamento Bequimão 2 quartos sacada ,65 mil chave prestação 532
148;05/03/2025;Apartamento;Venda;São Luís;Bequimão;Alameda Quatro, Nº 1;-2.532468;-44.24506;R$ 0.00;2;1;0;62;1048;65000;Iury Melo;(98) 98314-9143! ;Passo Apartamento No Bequimão Condomínio Atlântico Bloco i ReformadoVaranda, sala, dois quartos , copa e cozinha,Banheiro social e lavanderia. 61,20m2 3 andar nascente. Chave: 65 mil Prestação: R$ 574,00 Saldo Devedor: 95 milIury Melo Corretor de Imóveis (98) 9.8314.9143 WhatsApp
149;05/03/2025;Apartamento;Venda;São Luís;Turu;Rua General Artur Carvalho;-2.500708;-44.202255;R$ 846.15;2;1;1;42;1547;65000;Meu Imóvel;(98) 98888-9999! ;Condomínio Portinari | Avenida Arthur Carvalho 3° andar | 2 Quartos | 1 Banheiro | 1 Vaga | Com projetados na cozinhaÁrea de lazer com piscina, churrasqueira, salão de festa e playground.Valor de venda: R$ 150.000,00 (pode ser financiado)..*Ou como Repasse:*R$ 65 mil chave Saldo devedor: R$73083,71 Prestação R$ 700,00Fran Maia | CRECI 7389 (WHATSAAP com retorno imediato)Agende sua visita chamando no número acima
150;05/03/2025;Apartamento;Venda;São Luís;Turu;Rua General Artur Carvalho, Nº 755;-2.506662;-44.210112;R$ 846.15;2;2;2;50;1300;65000;Acerte Imobiliária;(98) 3302-6425;CAIO CAMPOS: INSTAGRAM: @CAIOCSCAMPOS >>>>>>> Passo chave no condomínio Garden 1 - Pronto pra morar , condomínio clube completo, apartamento de 49,66m² com suíte e varanda gourmet.
151;05/03/2025;Apartamento;Venda;São Luís;Bequimão;Condomínio Atlântico;-2.524932;-44.255009;R$ 0.00;2;2;1;60;1083;65000;ARA IMÓVEIS SLZ;(98) 98840-6141! ;apartamento 2 quartos área de serviço sacada chave 65 prestação 547
152;05/03/2025;Apartamento;Venda;São Luís;Sao Cristovao;Rua do Piquizeiro, Nº 20;-2.571935;-44.234406;R$ 894.07;2;1;0;52;1250;65000;Pedro Henrique Reis Gomes;(98) 98488-9969! ;|Repasse/Chave| Condomínio Village Del`Este III •⁠ ⁠1º andar Nascente📍 Localizado no Jardim São Cristóvão ✅ Sala de estar/jantar✅ Cozinha ✅ Área de serviço✅ 02 Quartos ✅ Banheiro social✅ Uma vaga de garagem•⁠ ⁠Portaria 24 horas, Lazer completo, conforto e segurança para você e sua Família.💰 R$ 65.000,00 investimento Saldo Devedor R$67945,00Prestação CAIXA R$527,00Data de vencimento: dia 23Taxa de condomínio: R$227,00. Se pago antes do dia 10 R$207,00
153;05/03/2025;Apartamento;Venda;São Luís;Santa Barbara;Rua São Jerônimo, Nº 1;-2.591209;-44.217027;R$ 0.00;2;1;1;44;1477;65000;Maritza Imóveis;(98) 98425-2398! ;Passo chave de apartamento, NOVO, Térreo, Condomínio Village Alvorada I, Localizado no bairro Cruzeiro de Santa Bárbara em São Luís/MA.Possui 44 metros quadrados com 2 quartos e 1 banheiroPossui área de fitness, playground, espaço para festas, espaço gourmet, com vaga de garagem.Área de lazer para possibilitar curtir os dias mais quentes na piscina, praticar diversos esportes na quadra poliesportiva. Espaço reservado para preparar o seu churrasco.Fica em um condomínio fechado.Contato José Carlos - CRECI 5790/MA
154;05/03/2025;Apartamento;Venda;São Luís;Turu;Rua General Artur Carvalho, Nº 1;-2.515266;-44.220912;R$ 846.15;2;1;1;43;1511;65000;Meu Imóvel;(98) 98888-9999! ;Condomínio Portinari | Avenida Arthur Carvalho 43 m² Área útil49 m² Área total2 Quartos1 Banheiro1 VagaApartamento à venda, no terceiro andar do Condomínio Portinari.Condomínio Portinari | Avenida Arthur Carvalho 3° andar2 Quartos1 Banheiro1 VagaO apartamento contempla sala de estar/jantar, dois quartos com ar condicionado nos dois, banheiro social com móveis projetados e área de serviço.Área de lazer completa com piscina, churrasqueira, salão de festa e playground.Valor do condomínio: R$ 140,00R$ 65 mil chave | Saldo devedor: R$73.083,71(pode amortizar)Prestação R$ 700,00OBS: Projetados ficam (WHATSAAP)Fran Maia | CRECI 7389Chame ou ligue no número acima e agende sua visita, retorno imediato.Para sua segurança, só negocie com corretor credenciado e ativo pelo conselho regional
155;05/03/2025;Apartamento;Venda;São Luís;Bequimão;Condomínio Atlântico, Nº 3;-2.524932;-44.255009;R$ 0.00;2;1;0;61;1065;65000;G9 consultoria imobiliária;(98) 98867-2307! ;Passo apto bloco i condomínio Atlântico Bequimao, reformado, com varanda, sala, dois quartos , copa e cozinha,Banheiro social e lavanderia. 61,20m2 3 andar nascente. Chave 65 mil prestação 574,00 saldo devedor 95 mil
156;05/03/2025;Apartamento;Venda;São Luís;Forquilha;Estrada de Ribamar, Nº 87;-2.555101;-44.217918;R$ 0.00;2;2;1;51;1274;65000;FORTALEZA - CE IMÓVEIS;(85) 99841-8731! ;O imóvel está localizado no bairro Forquilha tem 51 metros quadrados com 2 quartos sendo 1 suite e 2 banheiros🪼 ForquilhaPasso apartamento no condomínio Praias Belas, 3⁰ andar, nascente, varanda, sala, cozinha ,wc/social , 2 quartos sendo uma suíte área de lazer completa com piscina adulto e infantil salão de festas uma vaga de garagem, armazém Mateus, portaria 24 horas.Chave 65.000,00Prestação 958,00Saldo 128.500,00Condomínio 307,00
157;05/03/2025;Apartamento;Venda;São Luís;Turu;Rua General Artur Carvalho, Nº 1111;-2.513028;-44.216999;R$ 846.15;1;1;1;43;1511;65000;Pedro Henrique Reis Gomes;(98) 98488-9969! ;CRISTIANE SOUSA98... 9.8.8.3.4-4.1.2.3PASSO CHAVE DE APARTAMENTO NO TURU, NO VALOR DE R$ 65 MIL, COM A CONSTRUTORA QUITADA!Condomínio PORTINARIAv. General Artur Carvalho - Turu1 andar nascente2 quartos com projetados1 ar-condicionado WC com boxSala de estar/jantarCozinha com armárioÁrea de serviçoPARCELA CAIXA: R$ 540,00SALDO DEVEDOR: 81 MILCRISTIANE SOUSA / CRECI: 581398... 9.8.8.3.4-4.1.2.3
158;05/03/2025;Apartamento;Venda;São Luís;Bequimão;Condomínio Atlântico, Nº 1;-2.524932;-44.255009;R$ 0.00;2;1;0;65;1000;65000;G9 consultoria imobiliária;(98) 98867-2307! ;Passo apartamento condomínio Atlântico Bequimaovaranda, sala, copa e cozinho, 02 dormitórios e área de serviço, 3 andar nascenteprestação: 574,00chave: 65 mil63m2
159;05/03/2025;Apartamento;Venda;São Luís;Turu;Rua General Artur Carvalho, Nº 5;-2.517458;-44.225722;R$ 846.15;2;1;1;45;1444;65000;Meu Imóvel;(98) 98888-9999! ;O imóvel no bairro Turu possui 45 metros quadrados com 2 quartos e 1 banheiroCondomínio Portinari | Avenida Arthur Carvalho 3° andar | 2 Quartos | 1 Banheiro | 1 Vaga.Área de lazer com piscina, churrasqueira, salão de festa e playground.Valor de venda: R$ 150.000,00 (pode ser financiado)..Ou como Repasse:R$ 65 mil chave | Saldo devedor: R$73083,71 | Prestação R$ 700,00
160;05/03/2025;Apartamento;Venda;São Luís;Turu;Rua General Artur Carvalho, Nº 501;-2.515692;-44.221661;R$ 846.15;2;1;1;47;1382;65000;Pedro Henrique Reis Gomes;(98) 98488-9969! ;CRISTIANE SOUSA - CRECI 58139.8...9.8.8.3.4...4.1.2.3Condomínio Bela Cintra Prime - TURUSegundo andar *Sem débitos com a Construtora*R$65.000- chave 🔑 Saldo devedor com o banco: R$105.725,73Prestação da CAIXA: R$680,00CRISTIANE SOUSA - CRECI 58139.8...9.8.8.3.4...4.1.2.3qO
161;05/03/2025;Apartamento;Venda;São Luís;Turu;Rua Sampaio Correia, Nº 1;-2.516396;-44.230412;R$ 0.00;2;1;1;49;1326;65000;Pedro Henrique Reis Gomes;(98) 98488-9969! ;🚨 *Baixou**REPASSE DE CHAVE 🔑 NO BE LIFE CLUB 1*2 andar 2 Quartos Banheiro socialSala de estar e jantar Cozinha e área de lazer Condomínio com área de lazer completo  Saldo Caixa:$ 97.500,00Parcela Caixa: $ 565,00 *Valor :$ 65.000,00*WhatsApp 98.9.8.8.2.7.4.7.4.1
162;05/03/2025;Apartamento;Venda;São Luís;Forquilha;Estrada da Maioba, Nº 755;-2.555101;-44.217918;R$ 0.00;2;1;0;48;1416;68000;Acerte Imobiliária;(98) 3302-6425;CAIO CAMPOS: INSTAGRAM: @caiocscampos>>> Mais detalhes no whatsapp
163;05/03/2025;Apartamento;Venda;São Luís;Cidade Operaria;Rua Saramanta, Nº 10;-2.559219;-44.204786;R$ 0.00;1;2;1;52;1307;68000;ImóvelSLZ;(98) 98828-8940! ;Repasse de chave no condominio porto das dunas, próximo a forquilha!2 quartos, sendo uma suíte, banheiro social, cozinha com área de serviço e varanda espaçosa.3° Andar, Nascente, ventilado, área de lazer completa, com piscina adulto com bar molhado e piscina infantil, quadra, playground, mercadinho e portaria 24h.OBS: O apartamento precisa de reforma, troca de piso, lajota de parede e pintura, por isso o valor.Valor da chave: 70 milSaldo devedor caixa: 58 mil reaisParcela caixa: 490,00 reaisPara mais informações entre em contato e agende sua visita!Eduardo Mendes - Consultor ImóbiliarioCRECI 7783
164;05/03/2025;Apartamento;Venda;São Luís;Cidade Operaria;Estrada da Mata, Nº 16;-2.596097;-44.197332;R$ 0.00;2;1;1;50;1400;70000;DIMENSAO ENGENHARIA E CONSTRUCOES LTDA;(98) 98441-4506! ;PLANTÃO DE VENDAS:98.9.8.4.3.9-4.6.3.9 WHATSAPP TARCÍSIO BRITO CRECI - 5879Passo chave condomínio Villa Park 1! Obras 100% concluída Valor da chave R$ 65 mil Saldo construtora apenas 18 X 653,21 Saldo caixa R$ 103 mil Prestação caixa R$ 544,00 Térreo 50m2 PLANTÃO DE VENDAS:98.9.8.4.3.9-4.6.3.9 WHATSAPP TARCÍSIO BRITO CRECI - 5879
165;05/03/2025;Apartamento;Venda;São Luís;Maioba;Estrada da Maioba, Nº 1;-2.552734;-44.214897;R$ 0.00;2;1;1;43;1627;70000;Pedro Henrique Reis Gomes;(98) 98488-9969! ;Para mais informações entre em contato:Corretor: Dhyan Carlos CRECI 7024número: 9.8.9.8.4.9.7.9.5.9.9😱😱BAIXOU, BAIXOU, BAIXOU😱😱Obs : somente essa semana 🚨OPORTUNIDADE ÚNICA🚨🔑CHAVE NO JARDIM DI NAPOLI🔑- Apto com bancada em granito e projetados na cozinha- ⁠3 ANDAR Nascente e ventilado- ⁠Área de lazer completa e segurança 24 horas- ⁠Transporte em frente ao condomínio CONSTRUTORA QUITADASaldo devedor CAIXA apenas R$ 71.206,26A menor parcela do 🇧🇷 , apenas R$ 416,21De R$ 80.000,00 POR APENAS R$ 70.000,00🔑🔻🔻⬇️⬇️⬇️Traz tua proposta e vem ser feliz 😎
166;05/03/2025;Apartamento;Venda;São Luís;Forquilha;Estrada da Maioba;-2.550697;-44.208068;R$ 0.00;2;1;1;45;1555;70000;Meu Imóvel;(98) 98888-9999! ;[OPORTUNIDADE DE NEGÓCIO - REPASSE DE CHAVE 🔑]Condomínio Riviera 3 📍 Localização privilegiada, ao lado do Shopping Pátio Norte.Descrição do Imóvel:- Pavimento Térreo: Sala de estar/jantar, varanda, cozinha, área de serviço, dois quartos e banheiro social. - Diferenciais: Condomínio fechado, vaga de garagem privativa e área de lazer completa, perfeita para momentos de descontração.Condições do Repasse:- Valor da chave: R$ 70.000,00 - Saldo devedor na Caixa: R$ 59.540,79 - Parcela mensal na Caixa: R$ 690,00 (prazo de 139 meses) - Taxa de condomínio: R$ 130,00 Entre em contato com Rogério Motivado - CRECI/MA 6658 para mais informações e agendar uma visita!
167;05/03/2025;Apartamento;Venda;São Luís;Cohab Anil IV;Rua Rubem Tavares, Nº 1;-2.547547;-44.21313;R$ 0.00;1;1;1;33;2121;70000;Marta Moura da Silva;(98) 99105-0284! ;Marta Moura, Consultora de imoveis creci 4382/J-620Ⓜ🏡 VENDO APARTAMENTO 33m² com Projetados - HOME PRACTICE COHAB📍 Localização: Condomínio Home Practice - COHAB🏢 Andar: 3º andar☀ Posição solar: Intermediário (sol da tarde, das 14h às 17h)💰 Saldo devedor: R$ 69.940,24📆 Prestação: R$ 471,24📜 Condomínio: R$ 210,00💲 Valor:✔ Financiamento: R$ 150.000,00✔ Chave: R$ 70.000,00 (negociável)Ótima oportunidade para morar em um condomínio bem localizado e aconchegante!📩 Interessados, chamar no privado!
168;05/03/2025;Apartamento;Venda;São Luís;Turu;Avenida São Luís Rei de França;-2.521088;-44.225952;R$ 2,633.56;2;1;1;42;1666;70000;Meu Imóvel;(98) 98888-9999! ;Condomínio Portinari | Avenida Arthur Carvalho 3° andar | 2 Quartos | 1 Banheiro | 1 Vaga.Área de lazer com piscina, churrasqueira, salão de festa e playground.Valor de venda: R$ 150.000,00 (pode ser financiado)..*Ou como Repasse:*R$ 65 mil chave | Negociável Saldo devedor: R$73083,71 | Prestacao R$ 700,00
169;05/03/2025;Apartamento;Venda;São Luís;Turu;Rua General Artur Carvalho, Nº 1;-2.515266;-44.220912;R$ 846.15;2;2;1;55;1309;72000;Meu Imóvel;(98) 98888-9999! ;O imóvel no bairro Turu tem 50 metros quadrados com 2 quartos sendo 1 suite e 1 banheiroRepasse de chave Village Garden 1. 🔑🔑(📍Turu - Próx. Sede do Sampaio)⁠NOVO E PRONTO PRA MORAR☑️3 Andar ☑️ Sala de estar/jantar☑️ Varanda Gourmet ☑️ Cozinha/área de serviço ☑️ Uma suíte ☑️ Quarto social ☑️ Banheiro social ☑️ Vaga privativaCONDIÇÕES DO REPASSE Valor da CHAVE R$72.000- Prestação Caixa R$940,00TEM SALDO DEVEDOR CONSTRUTORA
170;05/03/2025;Apartamento;Venda;São Luís;Turu;Rua General Artur Carvalho, Nº 1000;-2.513994;-44.21736;R$ 846.15;2;2;1;49;1469;72000;Meu Imóvel;(98) 98888-9999! ;CHAVE 🔑 Gardens 1. 🔑(📍Turu - Próx. Sede do Sampaio)☑️ Sala de estar/jantar☑️ Varanda Gourmet ☑️ Cozinha/área de serviço ☑️ Uma suíte ☑️ Quarto social ☑️ Banheiro social ☑️ Vaga privativa- Chave R$ 72.000,00- ⁠3 Andar - Saldo Construtora R$- ⁠72x R$860,00- Prestação Caixa R$940,00- Saldo Devedor Caixa:R$128.518,95- ⁠Obs: ( Entrega com 15 dias)Rogério Motivado CRECI/MA 6658
